Energy_keV,Counts,Counts_norm_max1
-0.9550045,0.0,0.0
-0.9450055,0.0,0.0
-0.9350065000000001,0.0,0.0
-0.9250075,0.0,0.0
-0.9150085,0.0,0.0
-0.9050095,0.0,0.0
-0.8950105,0.0,0.0
-0.8850115000000001,0.0,0.0
-0.8750125000000001,0.0,0.0
-0.8650135000000001,0.0,0.0
-0.8550145,0.0,0.0
-0.8450155,0.0,0.0
-0.8350165,0.0,0.0
-0.8250175000000001,0.0,0.0
-0.8150185000000001,0.0,0.0
-0.8050195,0.0,0.0
-0.7950205,0.0,0.0
-0.7850215,0.0,0.0
-0.7750225000000001,0.0,0.0
-0.7650235000000001,0.0,0.0
-0.7550245,0.0,0.0
-0.7450255000000001,0.0,0.0
-0.7350265,0.0,0.0
-0.7250275,0.0,0.0
-0.7150285000000001,0.0,0.0
-0.7050295000000001,0.0,0.0
-0.6950305000000001,0.0,0.0
-0.6850315,0.0,0.0
-0.6750325,0.0,0.0
-0.6650335,0.0,0.0
-0.6550345000000001,0.0,0.0
-0.6450355000000001,0.0,0.0
-0.6350365,0.0,0.0
-0.6250375000000001,0.0,0.0
-0.6150385,0.0,0.0
-0.6050395000000001,0.0,0.0
-0.5950405000000001,0.0,0.0
-0.5850415,0.0,0.0
-0.5750425000000001,0.0,0.0
-0.5650435,0.0,0.0
-0.5550445,0.0,0.0
-0.5450455000000001,0.0,0.0
-0.5350465000000001,0.0,0.0
-0.5250475000000001,0.0,0.0
-0.5150485,0.0,0.0
-0.5050495000000002,0.0,0.0
-0.49505050000000006,0.0,0.0
-0.4850515000000001,0.0,0.0
-0.4750525000000001,0.0,0.0
-0.46505350000000006,0.0,0.0
-0.4550545000000001,0.0,0.0
-0.44505550000000005,0.0,0.0
-0.43505650000000007,0.0,0.0
-0.4250575000000001,0.0,0.0
-0.4150585000000001,0.0,0.0
-0.40505950000000013,0.0,0.0
-0.39506050000000004,0.0,0.0
-0.38506150000000006,0.0,0.0
-0.3750625000000001,0.0,0.0
-0.3650635000000001,0.0,0.0
-0.3550645000000001,0.0,0.0
-0.34506550000000014,0.0,0.0
-0.33506650000000004,0.0,0.0
-0.32506750000000006,0.0,0.0
-0.3150685000000001,0.0,0.0
-0.3050695000000001,0.0,0.0
-0.2950705000000001,0.0,0.0
-0.28507150000000003,0.0,0.0
-0.27507250000000005,0.0,0.0
-0.2650735000000001,0.0,0.0
-0.2550745000000001,0.0,0.0
-0.2450755000000001,0.0,0.0
-0.23507650000000013,0.0,0.0
-0.22507750000000004,0.0,0.0
-0.21507850000000006,0.0,0.0
-0.20507950000000008,1.0,2.3855530904840287e-05
-0.1950805000000001,1.0,2.3855530904840287e-05
-0.18508150000000012,1.0,2.3855530904840287e-05
-0.17508250000000014,0.0,0.0
-0.16508350000000005,3.0,7.156659271452087e-05
-0.15508450000000007,4.0,9.542212361936115e-05
-0.1450855000000001,5.0,0.00011927765452420144
-0.1350865000000001,2.0,4.7711061809680574e-05
-0.12508750000000013,0.0,0.0
-0.11508850000000015,0.0,0.0
-0.10508950000000006,2.0,4.7711061809680574e-05
-0.09509050000000008,4.0,9.542212361936115e-05
-0.0850915000000001,10.0,0.00023855530904840289
-0.07509250000000012,24.0,0.000572532741716167
-0.06509350000000014,185.0,0.004413273217395453
-0.05509450000000016,850.0,0.020277201269114243
-0.045095500000000066,3094.0,0.07380901261957584
-0.035096500000000086,9054.0,0.21598797681242396
-0.025097500000000106,19184.0,0.4576445048784561
-0.015098500000000126,32162.0,0.7672415849614733
-0.005099500000000146,41569.0,0.9916505641833059
0.0048994999999998345,41919.0,1.0
0.014898499999999926,32298.0,0.7704859371645316
0.024897499999999906,19620.0,0.46804551635296643
0.034896499999999886,9041.0,0.21567785491066105
0.044895499999999866,3381.0,0.08065554998926501
0.054894499999999846,940.0,0.02242419905054987
0.06489349999999994,212.0,0.005057372551826141
0.0748924999999998,41.0,0.0009780767670984518
0.0848914999999999,11.0,0.00026241083995324317
0.09489049999999999,5.0,0.00011927765452420144
0.10488949999999986,3.0,7.156659271452087e-05
0.11488849999999995,1.0,2.3855530904840287e-05
0.12488749999999982,144.0,0.0034351964502970012
0.1348864999999999,383.0,0.00913666833655383
0.14488549999999978,499.0,0.011903909921515304
0.15488449999999987,522.0,0.01245258713232663
0.16488349999999996,524.0,0.012500298194136311
0.17488249999999983,589.0,0.01405090770295093
0.18488149999999992,649.0,0.015482239557241347
0.1948804999999998,753.0,0.017963214771344736
0.20487949999999988,1152.0,0.02748157160237601
0.21487849999999997,1900.0,0.04532550871919654
0.22487749999999984,3746.0,0.08936281876953171
0.23487649999999993,7142.0,0.17037620172236934
0.2448754999999998,12899.0,0.30771249314153487
0.2548744999999999,20827.0,0.49683914215510866
0.26487349999999976,28419.0,0.6779503327846561
0.27487249999999985,33215.0,0.7923614590042701
0.28487149999999994,32677.0,0.7795271833774661
0.2948704999999998,26972.0,0.6434313795653522
0.3048694999999999,18627.0,0.44435697416446
0.3148684999999998,10902.0,0.26007299792456884
0.32486749999999986,5568.0,0.13282759607815073
0.33486649999999996,2595.0,0.06190510269806054
0.3448654999999998,1214.0,0.02896061451847611
0.3548644999999999,820.0,0.019561535341969034
0.3648634999999998,625.0,0.01490970681552518
0.3748624999999999,538.0,0.012834275626804075
0.38486149999999997,574.0,0.013693074739378325
0.39486049999999984,534.0,0.012738853503184714
0.40485949999999993,533.0,0.012714997972279873
0.4148584999999998,511.0,0.012190176292373386
0.4248574999999999,524.0,0.012500298194136311
0.43485649999999976,594.0,0.014170185357475131
0.44485549999999985,755.0,0.018010925833154418
0.45485449999999994,1084.0,0.02585939550084687
0.4648534999999998,1807.0,0.0431069443450464
0.4748524999999999,3140.0,0.0749063670411985
0.48485149999999977,5353.0,0.12769865693361004
0.49485049999999986,8512.0,0.20305827906200052
0.5048495,12160.0,0.2900832558028579
0.5148484999999998,15350.0,0.3661823993892984
0.5248474999999999,16913.0,0.4034685941935638
0.5348464999999998,16167.0,0.38567236813855293
0.5448454999999999,13471.0,0.3213578568191035
0.5548444999999997,9842.0,0.23478613516543811
0.5648434999999998,6339.0,0.15122021040578257
0.5748424999999999,3777.0,0.09010234022758176
0.5848414999999998,2231.0,0.05322168944869868
0.5948404999999999,1445.0,0.03447124215749422
0.6048394999999998,1122.0,0.0267659056752308
0.6148384999999998,1004.0,0.02395095302845965
0.6248374999999999,928.0,0.022137932679691788
0.6348364999999998,843.0,0.020110212552780362
0.6448354999999999,838.0,0.019990934898256162
0.6548344999999998,904.0,0.02156539993797562
0.6648334999999999,868.0,0.02070660082540137
0.6748325,853.0,0.020348767861828765
0.6848314999999998,889.0,0.021207566974403014
0.6948304999999999,910.0,0.02170853312340466
0.7048294999999998,979.0,0.02335456475583864
0.7148284999999999,1015.0,0.024213363868412892
0.7248274999999997,1044.0,0.02490517426465326
0.7348264999999998,1111.0,0.026503494835277558
0.7448254999999999,1178.0,0.02810181540590186
0.7548244999999998,1234.0,0.029437725136572914
0.7648234999999999,1305.0,0.031131467830816575
0.7748224999999997,1366.0,0.03258665521601183
0.7848214999999998,1403.0,0.033469309859490926
0.7948204999999999,1421.0,0.03389870941577805
0.8048194999999998,1426.0,0.03401798707030225
0.8148184999999999,1445.0,0.03447124215749422
0.8248174999999998,1491.0,0.035568596579116867
0.8348164999999999,1525.0,0.03637968462988144
0.8448154999999997,1530.0,0.03649896228440564
0.8548144999999998,1541.0,0.036761373124358884
0.8648134999999999,1558.0,0.037166917149741165
0.8748124999999998,1572.0,0.037500894582408933
0.8848114999999999,1547.0,0.03690450630978792
0.8948104999999997,1505.0,0.035902574011784635
0.9048094999999998,1514.0,0.0361172737899282
0.9148084999999999,1529.0,0.0364751067535008
0.9248074999999998,1655.0,0.039480903647510675
0.9348064999999999,1583.0,0.03776330542236218
0.9448054999999997,1629.0,0.038860659843984825
0.9548044999999998,1746.0,0.04165175695985114
0.9648034999999997,1868.0,0.04456213173024166
0.9748024999999998,1985.0,0.04735322884610797
0.9848014999999999,2157.0,0.0514563801617405
0.9948004999999998,2331.0,0.05560724253918271
1.0047994999999998,2469.0,0.05889930580405067
1.0147984999999997,2607.0,0.06219136906891863
1.0247974999999998,2695.0,0.06429065578854458
1.0347965,2693.0,0.06424294472673489
1.0447954999999998,2585.0,0.061666547389012144
1.0547944999999996,2420.0,0.05773038478971349
1.0647934999999997,2280.0,0.05439061046303585
1.0747924999999998,2179.0,0.051981201841646986
1.0847915,2110.0,0.05033517020921301
1.0947905,2046.0,0.04880841623130323
1.1047894999999996,2024.0,0.04828359455139674
1.1147884999999997,2035.0,0.04854600539134998
1.1247874999999998,2053.0,0.04897540494763711
1.1347865,2077.0,0.049547937689353276
1.1447855,2114.0,0.05043059233283237
1.1547844999999997,2194.0,0.05233903480521959
1.1647834999999997,2352.0,0.056108208688184356
1.1747824999999998,2626.0,0.06264462415611059
1.1847815,3033.0,0.0723538252343806
1.1947804999999996,3934.0,0.0938476585796417
1.2047794999999997,5336.0,0.12729311290822778
1.2147784999999998,7232.0,0.17252319950380496
1.2247774999999999,9619.0,0.22946635177365873
1.2347765,12197.0,0.29096591044633696
1.2447754999999996,14255.0,0.3400605930484983
1.2547744999999997,15098.0,0.3601708056012787
1.2647734999999998,15036.0,0.35869176268517855
1.2747724999999999,13663.0,0.32593811875283285
1.2847715,11431.0,0.2726925737732293
1.2947704999999996,9068.0,0.21632195424509174
1.3047694999999997,6838.0,0.1631241203272979
1.3147684999999998,5497.0,0.13113385338390707
1.3247674999999999,5134.0,0.12247429566545004
1.3347665,5539.0,0.13213578568191034
1.3447654999999996,6806.0,0.162360743338343
1.3547644999999997,8379.0,0.19988549345165676
1.3647634999999998,10306.0,0.245855101505284
1.3747624999999999,11670.0,0.27839404565948617
1.3847615,12943.0,0.3087621365013478
1.3947604999999996,13031.0,0.31086142322097376
1.4047594999999997,12479.0,0.29769317016150193
1.4147584999999998,11294.0,0.2694243660392662
1.4247575,9865.0,0.23533481237624942
1.4347565,8292.0,0.19781006226293565
1.4447554999999996,6846.0,0.16331496457453662
1.4547544999999997,5534.0,0.13201650802738615
1.4647534999999998,4464.0,0.10649108995920704
1.4747525,3690.0,0.08802690903886067
1.4847514999999996,3167.0,0.07555046637562919
1.4947504999999996,2827.0,0.06743958586798349
1.5047494999999997,2576.0,0.06145184761086858
1.5147484999999998,2357.0,0.056227486342708556
1.5247475,2197.0,0.05241060139793411
1.5347464999999996,2095.0,0.0499773372456404
1.5447454999999997,2032.0,0.048474438798635465
1.5547444999999998,1978.0,0.047186240129774085
1.5647434999999998,1914.0,0.04565948615186431
1.5747425,1869.0,0.044585987261146494
1.5847414999999996,1846.0,0.04403731005033517
1.5947404999999997,1840.0,0.043894176864906126
1.6047394999999998,1858.0,0.04432357642119325
1.6147384999999999,1848.0,0.04408502111214485
1.6247375,1825.0,0.04353634390133353
1.6347364999999996,1841.0,0.04391803239581097
1.6447354999999997,1854.0,0.044228154297573895
1.6547344999999998,1898.0,0.04527779765738686
1.6647334999999999,1825.0,0.04353634390133353
1.6747325,1941.0,0.046303585486295
1.6847314999999996,1938.0,0.04623201889358047
1.6947304999999997,2072.0,0.049428660034829076
1.7047294999999998,2191.0,0.05226746821250507
1.7147284999999999,2255.0,0.053794222190414846
1.7247275,2378.0,0.056728452491710206
1.7347264999999996,2343.0,0.055893508910040794
1.7447254999999997,2460.0,0.0586846060259071
1.7547244999999998,2492.0,0.059447983014861996
1.7647235,2409.0,0.057467973949760255
1.7747224999999995,2259.0,0.05388964431403421
1.7847214999999996,2267.0,0.054080488561272934
1.7947204999999997,2192.0,0.05229132374340991
1.8047194999999998,2158.0,0.05148023569264534
1.8147185,2101.0,0.050120470431069444
1.8247174999999995,2072.0,0.049428660034829076
1.8347164999999996,2019.0,0.04816431689687254
1.8447154999999997,1991.0,0.04749636203153701
1.8547144999999998,1916.0,0.04570719721367399
1.8647135,1901.0,0.04534936425010139
1.8747124999999996,1922.0,0.04585033039910303
1.8847114999999997,1833.0,0.043727188148572245
1.8947104999999997,1841.0,0.04391803239581097
1.9047094999999998,1849.0,0.04410887664304969
1.9147085,1796.0,0.04284453350509316
1.9247074999999996,1830.0,0.043655621555857727
1.9347064999999997,1821.0,0.043440921777714164
1.9447054999999998,1802.0,0.042987666690522196
1.9547044999999998,1794.0,0.04279682244328348
1.9647035,1849.0,0.04410887664304969
1.9747024999999996,1862.0,0.04441899854481261
1.9847014999999997,1865.0,0.04449056513752714
1.9947004999999998,1823.0,0.043488632839523846
2.0046995,1800.0,0.042939955628712514
2.0146984999999997,1844.0,0.04398959898852549
2.0246974999999994,1916.0,0.04570719721367399
2.0346965,1863.0,0.04444285407571746
2.0446954999999996,1833.0,0.043727188148572245
2.0546945,1782.0,0.04251055607242539
2.0646934999999997,1778.0,0.04241513394880603
2.0746924999999994,1848.0,0.04408502111214485
2.0846915,1813.0,0.04325007753047544
2.0946904999999996,1833.0,0.043727188148572245
2.1046895,1792.0,0.042749111381473796
2.1146884999999997,1823.0,0.043488632839523846
2.1246874999999994,1747.0,0.041675612490755985
2.1346865,1787.0,0.0426298337269496
2.1446854999999996,1785.0,0.042582122665139915
2.1546845,1724.0,0.041126935279944654
2.1646834999999998,1818.0,0.04336935518499964
2.1746824999999994,1791.0,0.04272525585056895
2.1846815,1823.0,0.043488632839523846
2.1946804999999996,1851.0,0.04415658770485937
2.2046795,1985.0,0.04735322884610797
2.2146784999999998,2274.0,0.054247477277606815
2.2246774999999994,2786.0,0.06646150910088504
2.2346765,3581.0,0.08542665617023307
2.2446754999999996,4755.0,0.11343304945251556
2.2546745,6214.0,0.14823826904267753
2.2646735,8116.0,0.19361148882368376
2.2746724999999994,10322.0,0.24623678999976145
2.2846715,12616.0,0.30096137789546507
2.2946704999999996,14558.0,0.3472888189126649
2.3046695,15648.0,0.37329134759894084
2.3146685,15710.0,0.3747703905150409
2.3246674999999994,14842.0,0.35406378968963953
2.3346665,13174.0,0.3142727641403659
2.3446654999999996,10972.0,0.2617428850879076
2.3546644999999993,8806.0,0.21007180514802357
2.3646635,6773.0,0.16157351081848326
2.3746624999999995,5180.0,0.12357165008707269
2.3846615,3937.0,0.09391922517235621
2.3946604999999996,2963.0,0.07068393807104177
2.4046594999999993,2587.0,0.061714258450821825
2.4146585,2459.0,0.058660750495002266
2.4246574999999995,2360.0,0.056299052935423075
2.4346565,2381.0,0.056800019084424724
2.4446554999999996,2510.0,0.05987738257114912
2.4546544999999993,2551.0,0.06085545933824757
2.4646535,2596.0,0.06192895822896539
2.4746524999999995,2537.0,0.06052148190557981
2.4846515,2443.0,0.05827906200052482
2.4946504999999997,2325.0,0.05546410935375367
2.5046494999999993,2214.0,0.0528161454233164
2.5146485,2096.0,0.050001192776545245
2.5246474999999995,1962.0,0.04680455163529664
2.5346465,1847.0,0.044061165581240014
2.5446454999999997,1768.0,0.04217657863975763
2.5546444999999993,1698.0,0.040506691476418805
2.5646435,1638.0,0.03907535962212839
2.5746424999999995,1606.0,0.0383119826331735
2.5846415,1596.0,0.0380734273241251
2.5946404999999997,1608.0,0.03835969369498318
2.6046394999999993,1609.0,0.03838354922588802
2.6146385,1591.0,0.037954149669600895
2.6246374999999995,1611.0,0.0384312602876977
2.6346365,1639.0,0.03909921515303323
2.6446354999999997,1596.0,0.0380734273241251
2.6546344999999993,1538.0,0.03668980653164436
2.6646335,1534.0,0.036594384408025
2.6746324999999995,1549.0,0.0369522173715976
2.6846315,1560.0,0.037214628211550846
2.6946304999999997,1594.0,0.03802571626231542
2.7046294999999994,1659.0,0.03957632577113004
2.7146285,1747.0,0.041675612490755985
2.7246274999999995,1787.0,0.0426298337269496
2.7346265,1816.0,0.043321644123189965
2.7446254999999997,1975.0,0.047114673537059566
2.7546244999999994,2064.0,0.04923781578759035
2.7646235,2065.0,0.049261671318495195
2.7746224999999995,2122.0,0.05062143658007109
2.7846215,2120.0,0.050573725518261406
2.7946204999999997,2032.0,0.048474438798635465
2.8046194999999994,1918.0,0.04575490827548367
2.8146185,1823.0,0.043488632839523846
2.8246174999999996,1791.0,0.04272525585056895
2.8346165,1709.0,0.04076910231637205
2.8446154999999997,1556.0,0.03711920608793149
2.8546144999999994,1514.0,0.0361172737899282
2.8646135,1543.0,0.036809084186168566
2.8746124999999996,1518.0,0.03621269591354755
2.884611499999999,1501.0,0.03580715188816527
2.8946104999999998,1492.0,0.03559245211002171
2.9046094999999994,1489.0,0.035520885517307185
2.9146085,1489.0,0.035520885517307185
2.9246074999999996,1530.0,0.03649896228440564
2.9346064999999992,1548.0,0.036928361840692765
2.9446054999999998,1558.0,0.037166917149741165
2.9546044999999994,1596.0,0.0380734273241251
2.9646035,1618.0,0.03859824900403158
2.9746024999999996,1597.0,0.03809728285502994
2.9846014999999992,1575.0,0.03757246117512345
2.9946004999999998,1645.0,0.039242348338462275
3.0045994999999994,1727.0,0.04119850187265917
3.0145985,1878.0,0.044800687039290056
3.0245974999999996,2079.0,0.04959564875116296
3.0345964999999993,2462.0,0.058732317087716784
3.0445955,3140.0,0.0749063670411985
3.0545944999999994,4198.0,0.10014551873851953
3.064593499999999,5654.0,0.13487917173596697
3.0745924999999996,7567.0,0.18051480235692646
3.0845914999999993,9827.0,0.2344283022018655
3.0945905,12269.0,0.29268350867148546
3.1045894999999994,14805.0,0.35318113504616044
3.114588499999999,16880.0,0.40268136167370405
3.1245874999999996,18270.0,0.43584054963143204
3.1345864999999993,18945.0,0.45194303299219923
3.1445855,18739.0,0.44702879362580217
3.1545844999999995,17301.0,0.41272454018464183
3.164583499999999,15240.0,0.363558290989766
3.1745824999999996,13086.0,0.31217347742074
3.1845814999999993,10640.0,0.25382284882750067
3.1945805,8215.0,0.19597318638326297
3.2045794999999995,6309.0,0.15050454447863737
3.214578499999999,4900.0,0.11689210143371741
3.2245774999999997,3966.0,0.09461103556859658
3.2345764999999993,3658.0,0.08726353204990576
3.2445755,3688.0,0.08797919797705098
3.2545744999999995,4057.0,0.09678188888093704
3.264573499999999,4767.0,0.11371931582337365
3.2745724999999997,5522.0,0.13173024165652808
3.2845714999999993,6393.0,0.15250840907464397
3.2945705,7322.0,0.17467019728524058
3.3045694999999995,8026.0,0.19146449104224814
3.314568499999999,8369.0,0.19964693814260837
3.3245674999999997,8456.0,0.20172236933132948
3.3345664999999993,8255.0,0.19692740761945657
3.344565499999999,7816.0,0.1864548295522317
3.3545644999999995,7208.0,0.17195066676208878
3.364563499999999,6451.0,0.1538920298671247
3.3745624999999997,5616.0,0.13397266156158305
3.3845614999999993,4877.0,0.11634342422290608
3.394560499999999,4300.0,0.10257878289081324
3.4045594999999995,3814.0,0.09098499487106086
3.414558499999999,3382.0,0.08067940552016985
3.4245574999999997,3022.0,0.07209141439442734
3.4345564999999993,2727.0,0.06505403277749947
3.444555499999999,2519.0,0.06009208234929268
3.4545544999999995,2418.0,0.05768267372790382
3.464553499999999,2391.0,0.057038574393473124
3.4745524999999997,2425.0,0.0578496624442377
3.4845514999999994,2520.0,0.06011593788019753
3.494550499999999,2673.0,0.06376583410863809
3.5045494999999995,2855.0,0.06810754073331902
3.514548499999999,2995.0,0.07144731505999666
3.5245474999999997,3067.0,0.07316491328514516
3.5345464999999994,3070.0,0.07323647987785968
3.544545499999999,3007.0,0.07173358143085475
3.5545444999999996,2918.0,0.06961043918032396
3.564543499999999,2835.0,0.06763043011522221
3.5745424999999997,2767.0,0.06600825401369308
3.5845414999999994,2753.0,0.06567427658102531
3.594540499999999,2879.0,0.06868007347503519
3.6045394999999996,3194.0,0.07619456571005988
3.614538499999999,3718.0,0.08869486390419619
3.6245374999999997,4507.0,0.10751687778811518
3.6345364999999994,5569.0,0.13285145160905557
3.644535499999999,6794.0,0.16207447696748492
3.6545344999999996,8066.0,0.19241871227844176
3.664533499999999,9282.0,0.22142703785872755
3.6745324999999998,10285.0,0.24535413535628237
3.6845314999999994,10932.0,0.260788663851714
3.694530499999999,11105.0,0.2649156706982514
3.7045294999999996,10777.0,0.25709105656146375
3.7145284999999992,10083.0,0.24053531811350462
3.7245274999999998,9105.0,0.21720460888857082
3.7345264999999994,7878.0,0.1879338724683318
3.744525499999999,6546.0,0.15615830530308453
3.7545244999999996,5261.0,0.12550394809036475
3.7645234999999992,4133.0,0.0985949092297049
3.7745225,3192.0,0.0761468546482502
3.7845214999999994,2450.0,0.058446050716858704
3.794520499999999,1922.0,0.04585033039910303
3.8045194999999996,1564.0,0.03731005033517021
3.8145184999999993,1317.0,0.03141773420167466
3.8245175,1160.0,0.02767241584961473
3.8345164999999994,1079.0,0.02574011784632267
3.844515499999999,1036.0,0.024714330017414538
3.8545144999999996,1020.0,0.02433264152293709
3.8645134999999993,1044.0,0.02490517426465326
3.8745125,1072.0,0.025573129129988787
3.8845114999999995,1093.0,0.026074095278990433
3.894510499999999,1140.0,0.027195305231517926
3.9045094999999996,1211.0,0.028889047925761586
3.9145084999999993,1299.0,0.030988334645387534
3.924507499999999,1400.0,0.0333977432667764
3.9345064999999995,1510.0,0.036021851666308835
3.944505499999999,1622.0,0.038693671127650944
3.9545044999999996,1734.0,0.04136549058899306
3.9645034999999993,1869.0,0.044585987261146494
3.974502499999999,2003.0,0.0477826284023951
3.9845014999999995,2085.0,0.049738781936592
3.994500499999999,2139.0,0.051026980605453374
4.0044995,2172.0,0.051814213125313105
4.014498499999999,2160.0,0.05152794675445502
4.024497499999999,2093.0,0.04992962618383072
4.0344964999999995,1989.0,0.04744865096972733
4.044495499999999,1860.0,0.04437128748300293
4.0544945,1707.0,0.04072139125456237
4.064493499999999,1547.0,0.03690450630978792
4.074492499999999,1398.0,0.03335003220496672
4.0844914999999995,1264.0,0.030153391063718123
4.094490499999999,1134.0,0.027052172046088886
4.1044895,1035.0,0.024690474486509698
4.114488499999999,976.0,0.02328299816312412
4.124487499999999,933.0,0.022257210334215988
4.1344864999999995,905.0,0.02158925546888046
4.144485499999999,887.0,0.021159855912593336
4.1544845,867.0,0.02068274529449653
4.164483499999999,852.0,0.020324912330923924
4.174482499999999,853.0,0.020348767861828765
4.1844814999999995,857.0,0.020444189985448127
4.194480499999999,858.0,0.020468045516352968
4.2044795,857.0,0.020444189985448127
4.214478499999999,855.0,0.020396478923638446
4.224477499999999,863.0,0.020587323170877168
4.2344764999999995,870.0,0.02075431188721105
4.244475499999999,859.0,0.020491901047257805
4.2544745,826.0,0.019704668527398078
4.264473499999999,810.0,0.01932298003292063
4.274472499999999,841.0,0.02006250149097068
4.2844714999999995,847.0,0.020205634676399725
4.294470499999999,889.0,0.021207566974403014
4.3044695,874.0,0.02084973401083041
4.314468499999999,874.0,0.02084973401083041
4.324467499999999,842.0,0.02008635702187552
4.3344664999999996,852.0,0.020324912330923924
4.344465499999999,896.0,0.021374555690736898
4.3544645,987.0,0.023545409003077365
4.364463499999999,1050.0,0.0250483074500823
4.374462499999999,1187.0,0.02831651518404542
4.3844615,1322.0,0.03153701185619886
4.394460499999999,1537.0,0.03666595100073952
4.4044595,1733.0,0.041341635058088216
4.414458499999999,2006.0,0.047854194995109615
4.424457499999999,2284.0,0.054486032586655214
4.4344565,2556.0,0.060974736992771776
4.444455499999999,2845.0,0.06786898542427061
4.454454499999999,2948.0,0.07032610510746917
4.464453499999999,2973.0,0.07092249338009017
4.474452499999999,2954.0,0.07046923829289821
4.4844515,2839.0,0.06772585223884157
4.494450499999999,2691.0,0.06419523366492522
4.504449499999999,2471.0,0.05894701686586035
4.514448499999999,2176.0,0.05190963524893247
4.524447499999999,1851.0,0.04415658770485937
4.5344465,1634.0,0.03897993749850903
4.544445499999999,1415.0,0.033755576230349006
4.554444499999999,1223.0,0.02917531429661967
4.564443499999999,1077.0,0.02569240678451299
4.574442499999999,995.0,0.023736253250316086
4.5844415,846.0,0.020181779145494884
4.594440499999999,803.0,0.01915599131658675
4.604439499999999,768.0,0.018321047734917342
4.614438499999999,779.0,0.018583458574870582
4.624437499999999,746.0,0.017796226055010855
4.6344365,781.0,0.018631169636680264
4.644435499999999,787.0,0.018774302822109307
4.654434499999999,752.0,0.017939359240439896
4.6644334999999995,746.0,0.017796226055010855
4.674432499999999,747.0,0.017820081585915696
4.6844315,755.0,0.018010925833154418
4.694430499999999,742.0,0.017700803931391493
4.704429499999999,757.0,0.0180586368949641
4.7144284999999995,793.0,0.018917436007538348
4.724427499999999,789.0,0.018822013883918985
4.7344265,856.0,0.020420334454543287
4.744425499999999,906.0,0.0216131109997853
4.754424499999999,1005.0,0.02397480855936449
4.7644234999999995,1117.0,0.0266466280207066
4.774422499999999,1248.0,0.02977170256924068
4.7844215,1311.0,0.031274601016245615
4.794420499999999,1485.0,0.03542546339368783
4.804419499999999,1606.0,0.0383119826331735
4.8144184999999995,1620.0,0.03864596006584126
4.824417499999999,1655.0,0.039480903647510675
4.8344165,1738.0,0.041460912712612416
4.844415499999999,1723.0,0.04110307974903982
4.854414499999999,1712.0,0.040840668909086573
4.8644134999999995,1625.0,0.03876523772036547
4.874412499999999,1528.0,0.03645125122259596
4.8844115,1493.0,0.03561630764092655
4.894410499999999,1376.0,0.03282521052506023
4.904409499999999,1225.0,0.029223025358429352
4.9144084999999995,1129.0,0.026932894391564686
4.924407499999999,1022.0,0.024380352584746773
4.9344065,1021.0,0.024356497053841932
4.944405499999999,971.0,0.023163720508599918
4.954404499999999,917.0,0.021875521839738545
4.9644034999999995,836.0,0.01994322383644648
4.974402499999999,841.0,0.02006250149097068
4.9844015,861.0,0.020539612109067486
4.994400499999999,815.0,0.019442257687444835
5.004399499999999,777.0,0.018535747513060905
5.0143984999999995,735.0,0.017533815215057612
5.024397499999999,771.0,0.01839261432763186
5.034396499999999,735.0,0.017533815215057612
5.044395499999999,651.0,0.015529950619051026
5.054394499999999,739.0,0.01762923733867697
5.0643934999999995,715.0,0.017056704596960806
5.074392499999999,805.0,0.019203702378396432
5.084391499999999,861.0,0.020539612109067486
5.094390499999999,838.0,0.019990934898256162
5.104389499999999,838.0,0.019990934898256162
5.1143885,926.0,0.022090221617882107
5.124387499999999,943.0,0.02249576564326439
5.134386499999999,1008.0,0.02404637515207901
5.144385499999999,967.0,0.02306829838498056
5.154384499999999,1003.0,0.023927097497554808
5.1643835,1021.0,0.024356497053841932
5.174382499999999,987.0,0.023545409003077365
5.184381499999999,956.0,0.022805887545027315
5.194380499999999,922.0,0.021994799494262744
5.204379499999999,899.0,0.021446122283451417
5.2143785,850.0,0.020277201269114243
5.224377499999999,858.0,0.020468045516352968
5.234376499999999,778.0,0.018559603043965745
5.244375499999999,774.0,0.018464180920346383
5.254374499999999,686.0,0.016364894200720438
5.2643735,693.0,0.01653188291705432
5.274372499999999,685.0,0.016341038669815598
5.284371499999999,652.0,0.015553806149955867
5.294370499999999,670.0,0.01598320570624299
5.304369499999999,671.0,0.016007061237147832
5.3143685,668.0,0.01593549464443331
5.324367499999999,671.0,0.016007061237147832
5.334366499999999,654.0,0.015601517211765548
5.344365499999999,609.0,0.014528018321047735
5.354364499999999,663.0,0.01581621698990911
5.3643635,633.0,0.015100551062763902
5.374362499999999,610.0,0.014551873851952574
5.384361499999999,617.0,0.014718862568286457
5.3943604999999994,583.0,0.013907774517521888
5.404359499999999,620.0,0.014790429161000977
5.4143585,638.0,0.015219828717288103
5.424357499999999,657.0,0.01567308380448007
5.434356499999999,666.0,0.015887783582623632
5.4443554999999995,651.0,0.015529950619051026
5.454354499999999,625.0,0.01490970681552518
5.4643535,697.0,0.01662730504067368
5.474352499999999,733.0,0.01748610415324793
5.484351499999999,665.0,0.015863928051718792
5.4943504999999995,704.0,0.016794293757007563
5.504349499999999,732.0,0.01746224862234309
5.5143485,703.0,0.016770438226102722
5.524347499999999,745.0,0.017772370524106015
5.534346499999999,707.0,0.016865860349722085
5.5443454999999995,697.0,0.01662730504067368
5.554344499999999,709.0,0.016913571411531762
5.5643435,681.0,0.016245616546196235
5.574342499999999,701.0,0.01672272716429304
5.584341499999999,687.0,0.01638874973162528
5.5943404999999995,706.0,0.016842004818817244
5.604339499999999,641.0,0.015291395310002624
5.614338499999999,669.0,0.01595935017533815
5.624337499999999,612.0,0.014599584913762256
5.634336499999999,597.0,0.014241751950189651
5.6443354999999995,613.0,0.014623440444667096
5.654334499999999,586.0,0.013979341110236408
5.664333499999999,594.0,0.014170185357475131
5.674332499999999,572.0,0.013645363677568644
5.684331499999999,594.0,0.014170185357475131
5.6943304999999995,583.0,0.013907774517521888
5.704329499999999,557.0,0.01328753071399604
5.714328499999999,578.0,0.013788496862997686
5.724327499999999,607.0,0.014480307259238054
5.734326499999999,598.0,0.014265607481094492
5.7443254999999995,621.0,0.014814284691905818
5.754324499999999,610.0,0.014551873851952574
5.764323499999999,581.0,0.013860063455712206
5.774322499999999,602.0,0.014361029604713853
5.784321499999999,588.0,0.014027052172046089
5.7943204999999995,590.0,0.014074763233855769
5.804319499999999,631.0,0.01505284000095422
5.814318499999999,621.0,0.014814284691905818
5.824317499999999,601.0,0.014337174073809012
5.834316499999999,591.0,0.01409861876476061
5.8443154999999996,586.0,0.013979341110236408
5.854314499999999,618.0,0.014742718099191298
5.864313499999999,605.0,0.014432596197428373
5.874312499999999,547.0,0.013048975404947637
5.884311499999999,596.0,0.01421789641928481
5.8943105,582.0,0.013883918986617047
5.904309499999999,574.0,0.013693074739378325
5.914308499999999,544.0,0.012977408812233117
5.924307499999999,557.0,0.01328753071399604
5.934306499999999,540.0,0.012881986688613754
5.9443055,522.0,0.01245258713232663
5.954304499999999,562.0,0.013406808368520241
5.964303499999999,519.0,0.01238102053961211
5.974302499999999,534.0,0.012738853503184714
5.984301499999999,547.0,0.013048975404947637
5.9943005,558.0,0.01331138624490088
6.004299499999999,503.0,0.011999332045134665
6.014298499999999,529.0,0.012619575848660513
6.024297499999999,524.0,0.012500298194136311
6.034296499999999,526.0,0.01254800925594599
6.0442955,546.0,0.013025119874042796
6.054294499999999,505.0,0.012047043106944344
6.064293499999999,513.0,0.012237887354183068
6.074292499999999,546.0,0.013025119874042796
6.084291499999999,517.0,0.012333309477802428
6.0942905,493.0,0.011760776736086262
6.104289499999999,476.0,0.011355232710703976
6.114288499999999,528.0,0.012595720317755672
6.124287499999999,503.0,0.011999332045134665
6.134286499999999,490.0,0.01168921014337174
6.1442855,530.0,0.012643431379565351
6.154284499999999,515.0,0.012285598415992747
6.164283499999999,486.0,0.01159378801975238
6.1742824999999995,477.0,0.011379088241608817
6.184281499999999,492.0,0.011736921205181421
6.194280499999999,516.0,0.012309453946897588
6.204279499999999,503.0,0.011999332045134665
6.214278499999999,528.0,0.012595720317755672
6.2242774999999995,509.0,0.012142465230563707
6.234276499999999,496.0,0.011832343328800782
6.244275499999999,515.0,0.012285598415992747
6.254274499999999,500.0,0.011927765452420143
6.264273499999999,472.0,0.011259810587084616
6.2742724999999995,494.0,0.011784632266991103
6.284271499999999,492.0,0.011736921205181421
6.294270499999999,530.0,0.012643431379565351
6.304269499999999,492.0,0.011736921205181421
6.314268499999999,498.0,0.011880054390610463
6.3242674999999995,505.0,0.012047043106944344
6.334266499999999,512.0,0.012214031823278227
6.344265499999999,513.0,0.012237887354183068
6.354264499999999,492.0,0.011736921205181421
6.364263499999999,509.0,0.012142465230563707
6.3742624999999995,480.0,0.011450654834323337
6.384261499999999,472.0,0.011259810587084616
6.394260499999999,502.0,0.011975476514229824
6.404259499999999,482.0,0.011498365896133018
6.414258499999999,515.0,0.012285598415992747
6.4242574999999995,502.0,0.011975476514229824
6.434256499999999,487.0,0.01161764355065722
6.444255499999999,502.0,0.011975476514229824
6.454254499999999,479.0,0.011426799303418498
6.464253499999999,477.0,0.011379088241608817
6.4742524999999995,494.0,0.011784632266991103
6.484251499999999,438.0,0.010448722536320046
6.494250499999999,494.0,0.011784632266991103
6.504249499999999,450.0,0.010734988907178129
6.514248499999999,462.0,0.011021255278036213
6.5242474999999995,445.0,0.010615711252653927
6.534246499999999,439.0,0.010472578067224887
6.544245499999999,445.0,0.010615711252653927
6.554244499999999,465.0,0.011092821870750733
6.564243499999999,469.0,0.011188243994370095
6.5742424999999995,453.0,0.01080655549989265
6.584241499999999,496.0,0.011832343328800782
6.594240499999999,442.0,0.010544144659939407
6.604239499999999,437.0,0.010424867005415206
6.614238499999999,451.0,0.01075884443808297
6.6242375,469.0,0.011188243994370095
6.634236499999999,430.0,0.010257878289081323
6.644235499999999,458.0,0.010925833154416852
6.654234499999999,463.0,0.011045110808941053
6.664233499999999,451.0,0.01075884443808297
6.6742325,444.0,0.010591855721749088
6.684231499999999,404.0,0.009637634485555477
6.694230499999999,414.0,0.00987618979460388
6.704229499999999,427.0,0.010186311696366803
6.714228499999999,450.0,0.010734988907178129
6.724227499999999,434.0,0.010353300412700685
6.734226499999999,400.0,0.009542212361936114
6.744225499999999,438.0,0.010448722536320046
6.754224499999999,415.0,0.009900045325508719
6.764223499999999,460.0,0.010973544216226531
6.774222499999999,409.0,0.009756912140079678
6.784221499999999,423.0,0.010090889572747442
6.794220499999999,488.0,0.01164149908156206
6.804219499999999,450.0,0.010734988907178129
6.814218499999999,412.0,0.009828478732794198
6.824217499999999,414.0,0.00987618979460388
6.834216499999999,424.0,0.010114745103652283
6.844215499999999,417.0,0.0099477563873184
6.854214499999999,446.0,0.010639566783558768
6.864213499999999,440.0,0.010496433598129726
6.874212499999999,435.0,0.010377155943605524
6.884211499999999,398.0,0.009494501300126435
6.894210499999999,394.0,0.009399079176507074
6.9042094999999994,410.0,0.009780767670984517
6.914208499999999,411.0,0.009804623201889358
6.924207499999999,421.0,0.01004317851093776
6.934206499999999,396.0,0.009446790238316754
6.944205499999999,406.0,0.009685345547365156
6.9542044999999995,425.0,0.010138600634557121
6.964203499999999,407.0,0.009709201078269997
6.974202499999999,362.0,0.008635702187552184
6.984201499999999,426.0,0.010162456165461962
6.994200499999999,385.0,0.00918437939836351
7.0041994999999995,401.0,0.009566067892840955
7.014198499999999,397.0,0.009470645769221594
7.024197499999999,420.0,0.01001932298003292
7.034196499999999,427.0,0.010186311696366803
7.044195499999999,401.0,0.009566067892840955
7.054194499999999,384.0,0.009160523867458671
7.064193499999999,438.0,0.010448722536320046
7.0741925,383.0,0.00913666833655383
7.084191499999998,387.0,0.009232090460173191
7.094190499999999,371.0,0.008850401965695746
7.1041894999999995,395.0,0.009422934707411913
7.114188499999998,375.0,0.008945824089315107
7.124187499999999,388.0,0.009255945991078032
7.134186499999999,405.0,0.009661490016460316
7.1441855,348.0,0.00830172475488442
7.154184499999999,400.0,0.009542212361936114
7.164183499999999,386.0,0.00920823492926835
7.1741825,425.0,0.010138600634557121
7.184181499999998,383.0,0.00913666833655383
7.194180499999999,394.0,0.009399079176507074
7.2041794999999995,393.0,0.009375223645602233
7.214178499999998,408.0,0.009733056609174838
7.224177499999999,365.0,0.008707268780266704
7.234176499999999,395.0,0.009422934707411913
7.2441755,411.0,0.009804623201889358
7.254174499999999,413.0,0.009852334263699039
7.264173499999999,376.0,0.008969679620219948
7.2741725,416.0,0.00992390085641356
7.2841714999999985,386.0,0.00920823492926835
7.294170499999999,389.0,0.009279801521982873
7.3041694999999995,369.0,0.008802690903886065
7.314168499999998,357.0,0.008516424533027983
7.324167499999999,350.0,0.0083494358166941
7.334166499999999,357.0,0.008516424533027983
7.3441655,371.0,0.008850401965695746
7.354164499999999,364.0,0.008683413249361864
7.364163499999999,355.0,0.008468713471218301
7.3741625,351.0,0.00837329134759894
7.3841614999999985,405.0,0.009661490016460316
7.394160499999999,404.0,0.009637634485555477
7.4041595,356.0,0.008492569002123142
7.414158499999998,401.0,0.009566067892840955
7.424157499999999,396.0,0.009446790238316754
7.434156499999999,400.0,0.009542212361936114
7.4441555,410.0,0.009780767670984517
7.454154499999999,359.0,0.008564135594837662
7.464153499999999,364.0,0.008683413249361864
7.4741525,355.0,0.008468713471218301
7.4841514999999985,380.0,0.009065101743839309
7.494150499999999,401.0,0.009566067892840955
7.5041495,409.0,0.009756912140079678
7.514148499999998,388.0,0.009255945991078032
7.524147499999999,376.0,0.008969679620219948
7.534146499999999,400.0,0.009542212361936114
7.5441455,376.0,0.008969679620219948
7.554144499999999,334.0,0.007967747322216655
7.564143499999999,341.0,0.008134736038550538
7.5741425,367.0,0.008754979842076386
7.5841414999999985,353.0,0.008421002409408622
7.594140499999999,360.0,0.008587991125742503
7.6041395,339.0,0.008087024976740857
7.614138499999998,369.0,0.008802690903886065
7.624137499999999,356.0,0.008492569002123142
7.634136499999999,323.0,0.0077053364822634125
7.644135499999998,340.0,0.008110880507645697
7.654134499999999,370.0,0.008826546434790906
7.664133499999999,329.0,0.007848469667692454
7.6741325,314.0,0.00749063670411985
7.684131499999999,356.0,0.008492569002123142
7.694130499999999,356.0,0.008492569002123142
7.7041295,359.0,0.008564135594837662
7.714128499999998,331.0,0.007896180729502135
7.724127499999999,323.0,0.0077053364822634125
7.7341264999999995,359.0,0.008564135594837662
7.744125499999998,350.0,0.0083494358166941
7.754124499999999,332.0,0.007920036260406976
7.764123499999999,303.0,0.007228225864166607
7.7741225,296.0,0.007061237147832725
7.784121499999999,336.0,0.008015458384026336
7.794120499999999,320.0,0.007633769889548892
7.8041195,314.0,0.00749063670411985
7.814118499999998,341.0,0.008134736038550538
7.824117499999999,352.0,0.008397146878503781
7.8341164999999995,314.0,0.00749063670411985
7.844115499999998,297.0,0.007085092678737566
7.854114499999999,310.0,0.007395214580500489
7.864113499999999,354.0,0.00844485794031346
7.8741125,387.0,0.009232090460173191
7.884111499999999,339.0,0.008087024976740857
7.894110499999999,299.0,0.007132803740547246
7.9041095,317.0,0.007562203296834371
7.914108499999998,316.0,0.007538347765929531
7.924107499999999,316.0,0.007538347765929531
7.9341064999999995,330.0,0.007872325198597294
7.944105499999998,322.0,0.007681480951358573
7.954104499999999,313.0,0.00746678117321501
7.964103499999999,343.0,0.008182447100360219
7.9741025,309.0,0.007371359049595649
7.984101499999999,312.0,0.00744292564231017
7.994100499999999,315.0,0.007514492235024691
8.0040995,318.0,0.007586058827739211
8.0140985,309.0,0.007371359049595649
8.0240975,319.0,0.007609914358644052
8.0340965,287.0,0.006846537369689163
8.0440955,319.0,0.007609914358644052
8.0540945,336.0,0.008015458384026336
8.0640935,326.0,0.0077769030749779335
8.0740925,312.0,0.00744292564231017
8.0840915,288.0,0.0068703929005940025
8.0940905,310.0,0.007395214580500489
8.1040895,320.0,0.007633769889548892
8.1140885,328.0,0.007824614136787615
8.1240875,300.0,0.007156659271452086
8.1340865,295.0,0.007037381616927884
8.1440855,308.0,0.007347503518690808
8.1540845,293.0,0.006989670555118204
8.1640835,294.0,0.0070135260860230446
8.174082499999999,324.0,0.007729192013168253
8.1840815,298.0,0.007108948209642405
8.1940805,291.0,0.0069419594933085235
8.2040795,311.0,0.007419070111405329
8.2140785,329.0,0.007848469667692454
8.2240775,317.0,0.007562203296834371
8.2340765,281.0,0.006703404184260121
8.2440755,297.0,0.007085092678737566
8.2540745,304.0,0.007252081395071447
8.2640735,285.0,0.0067988263078794815
8.274072499999999,246.0,0.005868460602590711
8.2840715,317.0,0.007562203296834371
8.2940705,297.0,0.007085092678737566
8.3040695,286.0,0.006822681838784322
8.3140685,275.0,0.006560270998831079
8.3240675,297.0,0.007085092678737566
8.3340665,300.0,0.007156659271452086
8.3440655,283.0,0.006751115246069801
8.3540645,309.0,0.007371359049595649
8.3640635,292.0,0.006965815024213364
8.374062499999999,297.0,0.007085092678737566
8.3840615,310.0,0.007395214580500489
8.3940605,293.0,0.006989670555118204
8.4040595,318.0,0.007586058827739211
8.4140585,312.0,0.00744292564231017
8.4240575,300.0,0.007156659271452086
8.4340565,299.0,0.007132803740547246
8.4440555,286.0,0.006822681838784322
8.4540545,268.0,0.006393282282497197
8.4640535,342.0,0.008158591569455378
8.474052499999999,323.0,0.0077053364822634125
8.4840515,313.0,0.00746678117321501
8.4940505,326.0,0.0077769030749779335
8.5040495,330.0,0.007872325198597294
8.5140485,329.0,0.007848469667692454
8.5240475,416.0,0.00992390085641356
8.5340465,401.0,0.009566067892840955
8.5440455,426.0,0.010162456165461962
8.5540445,504.0,0.012023187576039505
8.5640435,550.0,0.013120541997662157
8.5740425,525.0,0.01252415372504115
8.5840415,567.0,0.013526086023044443
8.5940405,636.0,0.015172117655478422
8.6040395,665.0,0.015863928051718792
8.6140385,653.0,0.015577661680860708
8.6240375,716.0,0.017080560127865647
8.6340365,675.0,0.016102483360767195
8.6440355,599.0,0.014289463011999333
8.6540345,631.0,0.01505284000095422
8.6640335,586.0,0.013979341110236408
8.6740325,602.0,0.014361029604713853
8.6840315,585.0,0.013955485579331567
8.6940305,463.0,0.011045110808941053
8.7040295,462.0,0.011021255278036213
8.7140285,445.0,0.010615711252653927
8.7240275,422.0,0.010067034041842601
8.7340265,358.0,0.008540280063932823
8.7440255,343.0,0.008182447100360219
8.7540245,352.0,0.008397146878503781
8.7640235,336.0,0.008015458384026336
8.7740225,316.0,0.007538347765929531
8.7840215,270.0,0.006440993344306877
8.7940205,255.0,0.006083160380734273
8.804019499999999,296.0,0.007061237147832725
8.8140185,265.0,0.006321715689782676
8.8240175,241.0,0.005749182948066509
8.8340165,254.0,0.006059304849829433
8.8440155,246.0,0.005868460602590711
8.8540145,261.0,0.006226293566163315
8.8640135,257.0,0.006130871442543954
8.8740125,259.0,0.0061785825043536345
8.8840115,269.0,0.006417137813402037
8.8940105,242.0,0.00577303847897135
8.904009499999999,242.0,0.00577303847897135
8.9140085,233.0,0.005558338700827787
8.9240075,283.0,0.006751115246069801
8.9340065,252.0,0.006011593788019753
8.9440055,269.0,0.006417137813402037
8.9540045,261.0,0.006226293566163315
8.9640035,246.0,0.005868460602590711
8.9740025,265.0,0.006321715689782676
8.9840015,253.0,0.0060354493189245925
8.9940005,265.0,0.006321715689782676
9.003999499999999,261.0,0.006226293566163315
9.0139985,264.0,0.006297860158877836
9.0239975,221.0,0.0052720723299697035
9.0339965,235.0,0.005606049762637467
9.0439955,280.0,0.00667954865335528
9.0539945,225.0,0.005367494453589064
9.0639935,241.0,0.005749182948066509
9.0739925,236.0,0.005629905293542308
9.0839915,228.0,0.005439061046303585
9.0939905,233.0,0.005558338700827787
9.103989499999999,246.0,0.005868460602590711
9.1139885,201.0,0.004794961711872898
9.1239875,219.0,0.005224361268160023
9.1339865,224.0,0.0053436389226842245
9.1439855,212.0,0.005057372551826141
9.1539845,227.0,0.005415205515398746
9.1639835,214.0,0.005105083613635822
9.1739825,231.0,0.005510627639018106
9.1839815,226.0,0.005391349984493905
9.1939805,249.0,0.005940027195305232
9.203979499999999,252.0,0.006011593788019753
9.2139785,233.0,0.005558338700827787
9.2239775,241.0,0.005749182948066509
9.2339765,213.0,0.005081228082730981
9.2439755,225.0,0.005367494453589064
9.2539745,248.0,0.005916171664400391
9.2639735,222.0,0.005295927860874544
9.2739725,238.0,0.005677616355351988
9.2839715,211.0,0.005033517020921301
9.2939705,235.0,0.005606049762637467
9.3039695,210.0,0.00500966149001646
9.3139685,230.0,0.005486772108113266
9.3239675,250.0,0.0059638827262100715
9.333966499999999,239.0,0.005701471886256829
9.3439655,218.0,0.0052005057372551825
9.3539645,212.0,0.005057372551826141
9.3639635,234.0,0.005582194231732627
9.3739625,223.0,0.005319783391779384
9.3839615,242.0,0.00577303847897135
9.3939605,223.0,0.005319783391779384
9.4039595,212.0,0.005057372551826141
9.4139585,247.0,0.005892316133495551
9.4239575,220.0,0.005248216799064863
9.433956499999999,221.0,0.0052720723299697035
9.4439555,238.0,0.005677616355351988
9.4539545,248.0,0.005916171664400391
9.4639535,259.0,0.0061785825043536345
9.4739525,247.0,0.005892316133495551
9.4839515,219.0,0.005224361268160023
9.4939505,223.0,0.005319783391779384
9.5039495,236.0,0.005629905293542308
9.5139485,250.0,0.0059638827262100715
9.5239475,222.0,0.005295927860874544
9.533946499999999,265.0,0.006321715689782676
9.5439455,246.0,0.005868460602590711
9.5539445,257.0,0.006130871442543954
9.5639435,263.0,0.006274004627972995
9.5739425,266.0,0.006345571220687516
9.5839415,272.0,0.0064887044061165584
9.5939405,250.0,0.0059638827262100715
9.6039395,255.0,0.006083160380734273
9.6139385,245.0,0.00584460507168587
9.6239375,241.0,0.005749182948066509
9.633936499999999,252.0,0.006011593788019753
9.6439355,256.0,0.0061070159116391135
9.6539345,219.0,0.005224361268160023
9.6639335,218.0,0.0052005057372551825
9.6739325,196.0,0.004675684057348696
9.6839315,219.0,0.005224361268160023
9.6939305,227.0,0.005415205515398746
9.7039295,208.0,0.00496195042820678
9.7139285,192.0,0.004580261933729336
9.7239275,186.0,0.0044371287483002935
9.733926499999999,201.0,0.004794961711872898
9.7439255,193.0,0.004604117464634175
9.7539245,180.0,0.0042939955628712514
9.7639235,195.0,0.004651828526443856
9.7739225,187.0,0.004460984279205134
9.7839215,223.0,0.005319783391779384
9.7939205,211.0,0.005033517020921301
9.8039195,195.0,0.004651828526443856
9.8139185,198.0,0.004723395119158377
9.8239175,199.0,0.004747250650063217
9.833916499999999,188.0,0.004484839810109974
9.8439155,185.0,0.004413273217395453
9.8539145,196.0,0.004675684057348696
9.863913499999999,193.0,0.004604117464634175
9.8739125,202.0,0.004818817242777738
9.8839115,168.0,0.004007729192013168
9.8939105,178.0,0.004246284501061571
9.9039095,190.0,0.004532550871919654
9.9139085,172.0,0.004103151315632529
9.9239075,184.0,0.004389417686490613
9.933906499999999,200.0,0.004771106180968057
9.9439055,185.0,0.004413273217395453
9.9539045,184.0,0.004389417686490613
9.963903499999999,148.0,0.0035306185739163625
9.9739025,191.0,0.004556406402824495
9.9839015,182.0,0.004341706624680932
9.9939005,174.0,0.00415086237744221
10.0038995,197.0,0.004699539588253537
10.0138985,174.0,0.00415086237744221
10.0238975,182.0,0.004341706624680932
10.033896499999999,177.0,0.00422242897015673
10.0438955,210.0,0.00500966149001646
10.0538945,191.0,0.004556406402824495
10.063893499999999,175.0,0.00417471790834705
10.0738925,165.0,0.003936162599298647
10.0838915,174.0,0.00415086237744221
10.0938905,182.0,0.004341706624680932
10.1038895,196.0,0.004675684057348696
10.1138885,158.0,0.0037691738829647653
10.1238875,175.0,0.00417471790834705
10.1338865,177.0,0.00422242897015673
10.1438855,171.0,0.004079295784727689
10.1538845,186.0,0.0044371287483002935
10.163883499999999,166.0,0.003960018130203488
10.1738825,183.0,0.0043655621555857725
10.1838815,156.0,0.003721462821155085
10.1938805,173.0,0.00412700684653737
10.2038795,152.0,0.0036260406975357237
10.2138785,162.0,0.0038645960065841266
10.2238775,168.0,0.004007729192013168
10.2338765,148.0,0.0035306185739163625
10.2438755,168.0,0.004007729192013168
10.2538745,171.0,0.004079295784727689
10.263873499999999,179.0,0.004270140031966412
10.2738725,152.0,0.0036260406975357237
10.2838715,173.0,0.00412700684653737
10.2938705,155.0,0.0036976072902502443
10.3038695,163.0,0.0038884515374889668
10.3138685,151.0,0.0036021851666308835
10.3238675,185.0,0.004413273217395453
10.3338665,161.0,0.0038407404756792864
10.3438655,151.0,0.0036021851666308835
10.3538645,138.0,0.0032920632648679596
10.363863499999999,169.0,0.004031584722918009
10.3738625,160.0,0.003816884944774446
10.3838615,147.0,0.0035067630430115223
10.3938605,170.0,0.004055440253822849
10.4038595,172.0,0.004103151315632529
10.4138585,155.0,0.0036976072902502443
10.4238575,172.0,0.004103151315632529
10.4338565,140.0,0.00333977432667764
10.4438555,153.0,0.003649896228440564
10.4538545,170.0,0.004055440253822849
10.463853499999999,138.0,0.0032920632648679596
10.4738525,184.0,0.004389417686490613
10.4838515,159.0,0.0037930294138696055
10.493850499999999,162.0,0.0038645960065841266
10.5038495,155.0,0.0036976072902502443
10.5138485,152.0,0.0036260406975357237
10.5238475,139.0,0.0033159187957728
10.5338465,169.0,0.004031584722918009
10.5438455,154.0,0.003673751759345404
10.5538445,165.0,0.003936162599298647
10.563843499999999,147.0,0.0035067630430115223
10.5738425,139.0,0.0033159187957728
10.5838415,146.0,0.003482907512106682
10.593840499999999,159.0,0.0037930294138696055
10.6038395,144.0,0.0034351964502970012
10.6138385,171.0,0.004079295784727689
10.6238375,141.0,0.0033636298575824806
10.6338365,135.0,0.0032204966721534386
10.6438355,119.0,0.002838808177675994
10.6538345,140.0,0.00333977432667764
10.663833499999999,131.0,0.003125074548534078
10.6738325,145.0,0.0034590519812018414
10.6838315,151.0,0.0036021851666308835
10.693830499999999,138.0,0.0032920632648679596
10.7038295,129.0,0.003077363486724397
10.7138285,140.0,0.00333977432667764
10.7238275,153.0,0.003649896228440564
10.7338265,156.0,0.003721462821155085
10.7438255,144.0,0.0034351964502970012
10.7538245,134.0,0.0031966411412485984
10.763823499999999,156.0,0.003721462821155085
10.7738225,154.0,0.003673751759345404
10.7838215,129.0,0.003077363486724397
10.793820499999999,126.0,0.0030057968940098764
10.8038195,141.0,0.0033636298575824806
10.8138185,140.0,0.00333977432667764
10.8238175,111.0,0.002647963930437272
10.8338165,117.0,0.0027910971158663137
10.8438155,126.0,0.0030057968940098764
10.8538145,133.0,0.003172785610343758
10.8638135,138.0,0.0032920632648679596
10.8738125,148.0,0.0035306185739163625
10.8838115,132.0,0.003148930079438918
10.893810499999999,125.0,0.0029819413631050357
10.9038095,111.0,0.002647963930437272
10.9138085,135.0,0.0032204966721534386
10.9238075,133.0,0.003172785610343758
10.9338065,134.0,0.0031966411412485984
10.9438055,128.0,0.0030535079558195568
10.9538045,147.0,0.0035067630430115223
10.9638035,129.0,0.003077363486724397
10.9738025,130.0,0.003101219017629237
10.9838015,159.0,0.0037930294138696055
10.993800499999999,128.0,0.0030535079558195568
11.0037995,118.0,0.002814952646771154
11.0137985,121.0,0.002886519239485675
11.023797499999999,107.0,0.002552541806817911
11.0337965,105.0,0.00250483074500823
11.0437955,143.0,0.003411340919392161
11.0537945,157.0,0.003745318352059925
11.0637935,161.0,0.0038407404756792864
11.0737925,141.0,0.0033636298575824806
11.0837915,136.0,0.0032443522030582792
11.093790499999999,170.0,0.004055440253822849
11.1037895,177.0,0.00422242897015673
11.1137885,172.0,0.004103151315632529
11.123787499999999,187.0,0.004460984279205134
11.1337865,170.0,0.004055440253822849
11.1437855,215.0,0.0051289391445406615
11.1537845,199.0,0.004747250650063217
11.1637835,205.0,0.004890383835492259
11.1737825,177.0,0.00422242897015673
11.1837815,235.0,0.005606049762637467
11.193780499999999,200.0,0.004771106180968057
11.2037795,217.0,0.005176650206350343
11.2137785,244.0,0.00582074954078103
11.223777499999999,207.0,0.00493809489730194
11.2337765,221.0,0.0052720723299697035
11.2437755,208.0,0.00496195042820678
11.2537745,178.0,0.004246284501061571
11.2637735,182.0,0.004341706624680932
11.2737725,174.0,0.00415086237744221
11.2837715,154.0,0.003673751759345404
11.293770499999999,162.0,0.0038645960065841266
11.3037695,159.0,0.0037930294138696055
11.3137685,157.0,0.003745318352059925
11.323767499999999,145.0,0.0034590519812018414
11.3337665,130.0,0.003101219017629237
11.3437655,121.0,0.002886519239485675
11.3537645,123.0,0.0029342303012953553
11.3637635,110.0,0.0026241083995324314
11.3737625,118.0,0.002814952646771154
11.3837615,120.0,0.0028626637085808343
11.393760499999999,124.0,0.0029580858322001955
11.4037595,124.0,0.0029580858322001955
11.4137585,103.0,0.0024571196831985496
11.423757499999999,116.0,0.0027672415849614735
11.4337565,131.0,0.003125074548534078
11.4437555,123.0,0.0029342303012953553
11.4537545,111.0,0.002647963930437272
11.4637535,110.0,0.0026241083995324314
11.4737525,89.0,0.0021231422505307855
11.4837515,96.0,0.002290130966864668
11.493750499999999,94.0,0.002242419905054987
11.5037495,112.0,0.0026718194613421123
11.5137485,100.0,0.0023855530904840286
11.523747499999999,95.0,0.002266275435959827
11.5337465,110.0,0.0026241083995324314
11.5437455,88.0,0.0020992867196259453
11.5537445,89.0,0.0021231422505307855
11.5637435,110.0,0.0026241083995324314
11.5737425,119.0,0.002838808177675994
11.5837415,94.0,0.002242419905054987
11.5937405,90.0,0.0021469977814356257
11.6037395,103.0,0.0024571196831985496
11.6137385,91.0,0.002170853312340466
11.623737499999999,108.0,0.002576397337722751
11.6337365,102.0,0.0024332641522937094
11.6437355,86.0,0.0020515756578162645
11.653734499999999,101.0,0.002409408621388869
11.6637335,109.0,0.0026002528686275912
11.6737325,89.0,0.0021231422505307855
11.6837315,101.0,0.002409408621388869
11.6937305,118.0,0.002814952646771154
11.7037295,115.0,0.002743386054056633
11.7137285,93.0,0.0022185643741501468
11.723727499999999,105.0,0.00250483074500823
11.7337265,102.0,0.0024332641522937094
11.7437255,96.0,0.002290130966864668
11.753724499999999,101.0,0.002409408621388869
11.7637235,95.0,0.002266275435959827
11.7737225,97.0,0.002313986497769508
11.7837215,98.0,0.002337842028674348
11.7937205,80.0,0.001908442472387223
11.8037195,88.0,0.0020992867196259453
11.8137185,82.0,0.0019561535341969037
11.823717499999999,86.0,0.0020515756578162645
11.8337165,94.0,0.002242419905054987
11.8437155,90.0,0.0021469977814356257
11.853714499999999,70.0,0.00166988716333882
11.8637135,82.0,0.0019561535341969037
11.8737125,64.0,0.0015267539779097784
11.8837115,83.0,0.001980009065101744
11.8937105,80.0,0.001908442472387223
11.9037095,81.0,0.0019322980032920633
11.9137085,99.0,0.0023616975595791884
11.923707499999999,80.0,0.001908442472387223
11.9337065,80.0,0.001908442472387223
11.9437055,87.0,0.002075431188721105
11.953704499999999,86.0,0.0020515756578162645
11.9637035,97.0,0.002313986497769508
11.9737025,96.0,0.002290130966864668
11.9837015,80.0,0.001908442472387223
11.9937005,99.0,0.0023616975595791884
12.0036995,76.0,0.0018130203487678619
12.0136985,85.0,0.0020277201269114243
12.023697499999999,78.0,0.0018607314105775425
12.0336965,83.0,0.001980009065101744
12.0436955,80.0,0.001908442472387223
12.053694499999999,71.0,0.0016937426942436604
12.0636935,91.0,0.002170853312340466
12.0736925,96.0,0.002290130966864668
12.0836915,85.0,0.0020277201269114243
12.0936905,83.0,0.001980009065101744
12.1036895,70.0,0.00166988716333882
12.1136885,67.0,0.0015983205706242992
12.123687499999999,77.0,0.001836875879672702
12.1336865,62.0,0.0014790429161000978
12.1436855,61.0,0.0014551873851952576
12.153684499999999,53.0,0.0012643431379565353
12.1636835,74.0,0.0017653092869581812
12.1736825,81.0,0.0019322980032920633
12.183681499999999,77.0,0.001836875879672702
12.1936805,79.0,0.0018845869414823827
12.2036795,72.0,0.0017175982251485006
12.2136785,59.0,0.001407476323385577
12.223677499999999,71.0,0.0016937426942436604
12.2336765,78.0,0.0018607314105775425
12.2436755,76.0,0.0018130203487678619
12.253674499999999,81.0,0.0019322980032920633
12.2636735,74.0,0.0017653092869581812
12.2736725,77.0,0.001836875879672702
12.283671499999999,79.0,0.0018845869414823827
12.2936705,74.0,0.0017653092869581812
12.3036695,71.0,0.0016937426942436604
12.3136685,65.0,0.0015506095088146186
12.323667499999999,59.0,0.001407476323385577
12.3336665,61.0,0.0014551873851952576
12.3436655,82.0,0.0019561535341969037
12.353664499999999,63.0,0.0015028984470049382
12.3636635,70.0,0.00166988716333882
12.3736625,67.0,0.0015983205706242992
12.383661499999999,74.0,0.0017653092869581812
12.3936605,74.0,0.0017653092869581812
12.4036595,58.0,0.0013836207924807368
12.4136585,74.0,0.0017653092869581812
12.4236575,78.0,0.0018607314105775425
12.4336565,87.0,0.002075431188721105
12.4436555,85.0,0.0020277201269114243
12.453654499999999,75.0,0.0017891648178630214
12.4636535,90.0,0.0021469977814356257
12.4736525,86.0,0.0020515756578162645
12.483651499999999,75.0,0.0017891648178630214
12.4936505,81.0,0.0019322980032920633
12.5036495,66.0,0.001574465039719459
12.5136485,77.0,0.001836875879672702
12.5236475,81.0,0.0019322980032920633
12.5336465,71.0,0.0016937426942436604
12.5436455,70.0,0.00166988716333882
12.553644499999999,69.0,0.0016460316324339798
12.5636435,67.0,0.0015983205706242992
12.5736425,67.0,0.0015983205706242992
12.583641499999999,67.0,0.0015983205706242992
12.5936405,77.0,0.001836875879672702
12.6036395,57.0,0.0013597652615758963
12.6136385,69.0,0.0016460316324339798
12.6236375,49.0,0.001168921014337174
12.6336365,75.0,0.0017891648178630214
12.6436355,57.0,0.0013597652615758963
12.653634499999999,58.0,0.0013836207924807368
12.6636335,73.0,0.001741453756053341
12.6736325,61.0,0.0014551873851952576
12.683631499999999,58.0,0.0013836207924807368
12.6936305,60.0,0.0014313318542904171
12.7036295,64.0,0.0015267539779097784
12.713628499999999,61.0,0.0014551873851952576
12.7236275,67.0,0.0015983205706242992
12.7336265,53.0,0.0012643431379565353
12.7436255,57.0,0.0013597652615758963
12.753624499999999,61.0,0.0014551873851952576
12.7636235,52.0,0.001240487607051695
12.7736225,60.0,0.0014313318542904171
12.783621499999999,49.0,0.001168921014337174
12.7936205,57.0,0.0013597652615758963
12.8036195,57.0,0.0013597652615758963
12.813618499999999,52.0,0.001240487607051695
12.8236175,57.0,0.0013597652615758963
12.8336165,52.0,0.001240487607051695
12.8436155,42.0,0.001001932298003292
12.853614499999999,47.0,0.0011212099525274935
12.8636135,47.0,0.0011212099525274935
12.8736125,43.0,0.0010257878289081322
12.883611499999999,57.0,0.0013597652615758963
12.8936105,36.0,0.0008587991125742503
12.9036095,59.0,0.001407476323385577
12.913608499999999,59.0,0.001407476323385577
12.9236075,42.0,0.001001932298003292
12.9336065,52.0,0.001240487607051695
12.9436055,40.0,0.0009542212361936115
12.953604499999999,64.0,0.0015267539779097784
12.9636035,53.0,0.0012643431379565353
12.9736025,48.0,0.001145065483432334
12.983601499999999,52.0,0.001240487607051695
12.9936005,41.0,0.0009780767670984518
13.0035995,49.0,0.001168921014337174
13.013598499999999,52.0,0.001240487607051695
13.0235975,49.0,0.001168921014337174
13.0335965,49.0,0.001168921014337174
13.0435955,44.0,0.0010496433598129727
13.053594499999999,48.0,0.001145065483432334
13.0635935,41.0,0.0009780767670984518
13.0735925,52.0,0.001240487607051695
13.083591499999999,45.0,0.0010734988907178129
13.0935905,41.0,0.0009780767670984518
13.1035895,35.0,0.00083494358166941
13.113588499999999,44.0,0.0010496433598129727
13.1235875,45.0,0.0010734988907178129
13.1335865,49.0,0.001168921014337174
13.1435855,35.0,0.00083494358166941
13.1535845,46.0,0.0010973544216226533
13.1635835,41.0,0.0009780767670984518
13.1735825,29.0,0.0006918103962403684
13.183581499999999,56.0,0.0013359097306710561
13.1935805,44.0,0.0010496433598129727
13.2035795,34.0,0.0008110880507645698
13.213578499999999,30.0,0.0007156659271452086
13.2235775,47.0,0.0011212099525274935
13.2335765,35.0,0.00083494358166941
13.2435755,38.0,0.0009065101743839309
13.2535745,33.0,0.0007872325198597295
13.2635735,49.0,0.001168921014337174
13.2735725,36.0,0.0008587991125742503
13.283571499999999,35.0,0.00083494358166941
13.2935705,36.0,0.0008587991125742503
13.3035695,37.0,0.0008826546434790906
13.313568499999999,27.0,0.0006440993344306878
13.3235675,40.0,0.0009542212361936115
13.3335665,45.0,0.0010734988907178129
13.343565499999999,25.0,0.0005963882726210071
13.3535645,40.0,0.0009542212361936115
13.3635635,34.0,0.0008110880507645698
13.3735625,41.0,0.0009780767670984518
13.383561499999999,43.0,0.0010257878289081322
13.3935605,32.0,0.0007633769889548892
13.4035595,36.0,0.0008587991125742503
13.413558499999999,36.0,0.0008587991125742503
13.4235575,41.0,0.0009780767670984518
13.4335565,33.0,0.0007872325198597295
13.443555499999999,31.0,0.0007395214580500489
13.4535545,32.0,0.0007633769889548892
13.4635535,43.0,0.0010257878289081322
13.4735525,28.0,0.0006679548653355281
13.483551499999999,40.0,0.0009542212361936115
13.4935505,38.0,0.0009065101743839309
13.5035495,31.0,0.0007395214580500489
13.513548499999999,30.0,0.0007156659271452086
13.5235475,31.0,0.0007395214580500489
13.5335465,22.0,0.0005248216799064863
13.543545499999999,27.0,0.0006440993344306878
13.5535445,26.0,0.0006202438035258475
13.5635435,37.0,0.0008826546434790906
13.5735425,28.0,0.0006679548653355281
13.583541499999999,29.0,0.0006918103962403684
13.5935405,18.0,0.00042939955628712516
13.6035395,29.0,0.0006918103962403684
13.613538499999999,28.0,0.0006679548653355281
13.6235375,42.0,0.001001932298003292
13.6335365,33.0,0.0007872325198597295
13.643535499999999,25.0,0.0005963882726210071
13.6535345,21.0,0.000500966149001646
13.6635335,35.0,0.00083494358166941
13.6735325,32.0,0.0007633769889548892
13.683531499999999,27.0,0.0006440993344306878
13.6935305,21.0,0.000500966149001646
13.7035295,21.0,0.000500966149001646
13.713528499999999,27.0,0.0006440993344306878
13.7235275,23.0,0.0005486772108113266
13.7335265,21.0,0.000500966149001646
13.743525499999999,22.0,0.0005248216799064863
13.7535245,34.0,0.0008110880507645698
13.7635235,29.0,0.0006918103962403684
13.7735225,21.0,0.000500966149001646
13.783521499999999,30.0,0.0007156659271452086
13.7935205,25.0,0.0005963882726210071
13.8035195,22.0,0.0005248216799064863
13.813518499999999,23.0,0.0005486772108113266
13.8235175,27.0,0.0006440993344306878
13.8335165,23.0,0.0005486772108113266
13.843515499999999,24.0,0.000572532741716167
13.8535145,24.0,0.000572532741716167
13.8635135,21.0,0.000500966149001646
13.873512499999999,25.0,0.0005963882726210071
13.8835115,16.0,0.0003816884944774446
13.8935105,21.0,0.000500966149001646
13.9035095,23.0,0.0005486772108113266
13.913508499999999,22.0,0.0005248216799064863
13.9235075,21.0,0.000500966149001646
13.9335065,20.0,0.00047711061809680577
13.943505499999999,26.0,0.0006202438035258475
13.9535045,20.0,0.00047711061809680577
13.9635035,19.0,0.00045325508719196546
13.973502499999999,15.0,0.0003578329635726043
13.9835015,16.0,0.0003816884944774446
13.9935005,18.0,0.00042939955628712516
14.0034995,18.0,0.00042939955628712516
14.013498499999999,22.0,0.0005248216799064863
14.0234975,17.0,0.0004055440253822849
14.0334965,19.0,0.00045325508719196546
14.043495499999999,19.0,0.00045325508719196546
14.0534945,13.0,0.0003101219017629237
14.0634935,19.0,0.00045325508719196546
14.073492499999999,24.0,0.000572532741716167
14.0834915,17.0,0.0004055440253822849
14.0934905,14.0,0.00033397743266776403
14.1034895,17.0,0.0004055440253822849
14.113488499999999,14.0,0.00033397743266776403
14.1234875,12.0,0.0002862663708580835
14.1334865,22.0,0.0005248216799064863
14.143485499999999,14.0,0.00033397743266776403
14.1534845,14.0,0.00033397743266776403
14.1634835,14.0,0.00033397743266776403
14.173482499999999,11.0,0.00026241083995324317
14.1834815,12.0,0.0002862663708580835
14.1934805,16.0,0.0003816884944774446
14.2034795,16.0,0.0003816884944774446
14.213478499999999,15.0,0.0003578329635726043
14.2234775,9.0,0.00021469977814356258
14.2334765,19.0,0.00045325508719196546
14.243475499999999,17.0,0.0004055440253822849
14.2534745,19.0,0.00045325508719196546
14.2634735,10.0,0.00023855530904840289
14.273472499999999,8.0,0.0001908442472387223
14.2834715,14.0,0.00033397743266776403
14.2934705,14.0,0.00033397743266776403
14.3034695,9.0,0.00021469977814356258
14.313468499999999,7.0,0.00016698871633388202
14.3234675,9.0,0.00021469977814356258
14.3334665,12.0,0.0002862663708580835
14.343465499999999,11.0,0.00026241083995324317
14.3534645,9.0,0.00021469977814356258
14.3634635,5.0,0.00011927765452420144
14.373462499999999,9.0,0.00021469977814356258
14.3834615,18.0,0.00042939955628712516
14.3934605,13.0,0.0003101219017629237
14.403459499999999,11.0,0.00026241083995324317
14.413458499999999,12.0,0.0002862663708580835
14.4234575,1.0,2.3855530904840287e-05
14.4334565,13.0,0.0003101219017629237
14.443455499999999,9.0,0.00021469977814356258
14.4534545,14.0,0.00033397743266776403
14.4634535,6.0,0.00014313318542904174
14.473452499999999,15.0,0.0003578329635726043
14.4834515,10.0,0.00023855530904840289
14.4934505,9.0,0.00021469977814356258
14.503449499999999,4.0,9.542212361936115e-05
14.513448499999999,5.0,0.00011927765452420144
14.5234475,7.0,0.00016698871633388202
14.5334465,11.0,0.00026241083995324317
14.543445499999999,6.0,0.00014313318542904174
14.5534445,9.0,0.00021469977814356258
14.5634435,2.0,4.7711061809680574e-05
14.573442499999999,14.0,0.00033397743266776403
14.5834415,9.0,0.00021469977814356258
14.5934405,4.0,9.542212361936115e-05
14.603439499999999,4.0,9.542212361936115e-05
14.613438499999999,9.0,0.00021469977814356258
14.6234375,12.0,0.0002862663708580835
14.6334365,3.0,7.156659271452087e-05
14.643435499999999,4.0,9.542212361936115e-05
14.6534345,8.0,0.0001908442472387223
14.6634335,12.0,0.0002862663708580835
14.673432499999999,6.0,0.00014313318542904174
14.6834315,2.0,4.7711061809680574e-05
14.6934305,3.0,7.156659271452087e-05
14.703429499999999,7.0,0.00016698871633388202
14.7134285,7.0,0.00016698871633388202
14.7234275,3.0,7.156659271452087e-05
14.7334265,3.0,7.156659271452087e-05
14.743425499999999,5.0,0.00011927765452420144
14.7534245,2.0,4.7711061809680574e-05
14.7634235,2.0,4.7711061809680574e-05
14.773422499999999,6.0,0.00014313318542904174
14.7834215,2.0,4.7711061809680574e-05
14.7934205,3.0,7.156659271452087e-05
14.803419499999999,1.0,2.3855530904840287e-05
14.8134185,2.0,4.7711061809680574e-05
14.8234175,2.0,4.7711061809680574e-05
14.8334165,3.0,7.156659271452087e-05
14.843415499999999,7.0,0.00016698871633388202
14.8534145,2.0,4.7711061809680574e-05
14.8634135,3.0,7.156659271452087e-05
14.873412499999999,4.0,9.542212361936115e-05
14.8834115,4.0,9.542212361936115e-05
14.8934105,4.0,9.542212361936115e-05
14.903409499999999,0.0,0.0
14.9134085,2.0,4.7711061809680574e-05
14.9234075,0.0,0.0
14.9334065,0.0,0.0
14.943405499999999,1.0,2.3855530904840287e-05
14.9534045,1.0,2.3855530904840287e-05
14.9634035,2.0,4.7711061809680574e-05
14.973402499999999,1.0,2.3855530904840287e-05
14.9834015,1.0,2.3855530904840287e-05
14.9934005,0.0,0.0
15.003399499999999,1.0,2.3855530904840287e-05
15.0133985,1.0,2.3855530904840287e-05
15.0233975,0.0,0.0
15.033396499999998,0.0,0.0
15.043395499999999,0.0,0.0
15.053394499999998,0.0,0.0
15.063393499999998,0.0,0.0
15.073392499999999,2.0,4.7711061809680574e-05
15.0833915,0.0,0.0
15.0933905,0.0,0.0
15.1033895,0.0,0.0
15.113388500000001,0.0,0.0
15.123387499999998,0.0,0.0
15.133386499999999,0.0,0.0
15.143385499999999,0.0,0.0
15.1533845,0.0,0.0
15.1633835,0.0,0.0
15.1733825,0.0,0.0
15.183381499999998,1.0,2.3855530904840287e-05
15.193380499999998,0.0,0.0
15.203379499999999,0.0,0.0
15.2133785,0.0,0.0
15.2233775,0.0,0.0
15.2333765,0.0,0.0
15.2433755,0.0,0.0
15.253374499999998,0.0,0.0
15.263373499999998,0.0,0.0
15.273372499999999,0.0,0.0
15.2833715,0.0,0.0
15.2933705,0.0,0.0
15.3033695,0.0,0.0
15.313368500000001,0.0,0.0
15.323367499999998,0.0,0.0
15.333366499999999,0.0,0.0
15.343365499999999,1.0,2.3855530904840287e-05
15.3533645,0.0,0.0
15.3633635,1.0,2.3855530904840287e-05
15.3733625,1.0,2.3855530904840287e-05
15.383361499999998,1.0,2.3855530904840287e-05
15.393360499999998,1.0,2.3855530904840287e-05
15.403359499999999,0.0,0.0
15.4133585,1.0,2.3855530904840287e-05
15.4233575,1.0,2.3855530904840287e-05
15.4333565,0.0,0.0
15.443355500000001,1.0,2.3855530904840287e-05
15.453354499999998,0.0,0.0
15.463353499999998,1.0,2.3855530904840287e-05
15.473352499999999,0.0,0.0
15.4833515,1.0,2.3855530904840287e-05
15.4933505,0.0,0.0
15.5033495,0.0,0.0
15.513348500000001,1.0,2.3855530904840287e-05
15.523347499999998,0.0,0.0
15.533346499999999,1.0,2.3855530904840287e-05
15.5433455,0.0,0.0
15.5533445,0.0,0.0
15.5633435,0.0,0.0
15.5733425,0.0,0.0
15.583341499999998,0.0,0.0
15.593340499999998,0.0,0.0
15.603339499999999,0.0,0.0
15.6133385,0.0,0.0
15.6233375,0.0,0.0
15.6333365,0.0,0.0
15.643335500000001,0.0,0.0
15.653334499999998,2.0,4.7711061809680574e-05
15.663333499999998,0.0,0.0
15.673332499999999,0.0,0.0
15.6833315,2.0,4.7711061809680574e-05
15.6933305,0.0,0.0
15.7033295,0.0,0.0
15.713328499999998,0.0,0.0
15.723327499999998,0.0,0.0
15.733326499999999,0.0,0.0
15.7433255,0.0,0.0
15.7533245,2.0,4.7711061809680574e-05
15.7633235,0.0,0.0
15.7733225,0.0,0.0
15.783321499999998,1.0,2.3855530904840287e-05
15.793320499999998,0.0,0.0
15.803319499999999,2.0,4.7711061809680574e-05
15.8133185,0.0,0.0
15.8233175,0.0,0.0
15.8333165,0.0,0.0
15.843315500000001,0.0,0.0
15.853314499999998,0.0,0.0
15.863313499999999,0.0,0.0
15.873312499999999,0.0,0.0
15.8833115,1.0,2.3855530904840287e-05
15.8933105,0.0,0.0
15.9033095,0.0,0.0
15.913308499999998,0.0,0.0
15.923307499999998,0.0,0.0
15.933306499999999,0.0,0.0
15.9433055,0.0,0.0
15.9533045,2.0,4.7711061809680574e-05
15.9633035,0.0,0.0
15.9733025,1.0,2.3855530904840287e-05
15.983301499999998,0.0,0.0
15.993300499999998,0.0,0.0
16.003299499999997,0.0,0.0
16.013298499999998,1.0,2.3855530904840287e-05
16.023297499999998,0.0,0.0
16.0332965,1.0,2.3855530904840287e-05
16.0432955,0.0,0.0
16.053294499999996,0.0,0.0
16.063293499999997,0.0,0.0
16.073292499999997,0.0,0.0
16.083291499999998,0.0,0.0
16.0932905,0.0,0.0
16.1032895,0.0,0.0
16.113288499999996,1.0,2.3855530904840287e-05
16.123287499999996,0.0,0.0
16.133286499999997,0.0,0.0
16.143285499999998,0.0,0.0
16.153284499999998,0.0,0.0
16.1632835,0.0,0.0
16.1732825,0.0,0.0
16.183281499999996,0.0,0.0
16.193280499999997,0.0,0.0
16.203279499999997,0.0,0.0
16.213278499999998,0.0,0.0
16.2232775,0.0,0.0
16.2332765,0.0,0.0
16.243275499999996,0.0,0.0
16.253274499999996,0.0,0.0
16.263273499999997,0.0,0.0
16.273272499999997,1.0,2.3855530904840287e-05
16.283271499999998,0.0,0.0
16.2932705,0.0,0.0
16.3032695,0.0,0.0
16.313268499999996,0.0,0.0
16.323267499999996,0.0,0.0
16.333266499999997,0.0,0.0
16.343265499999998,0.0,0.0
16.353264499999998,0.0,0.0
16.3632635,0.0,0.0
16.3732625,0.0,0.0
16.383261499999996,0.0,0.0
16.393260499999997,0.0,0.0
16.403259499999997,1.0,2.3855530904840287e-05
16.413258499999998,0.0,0.0
16.4232575,0.0,0.0
16.4332565,0.0,0.0
16.443255499999996,0.0,0.0
16.453254499999996,0.0,0.0
16.463253499999997,1.0,2.3855530904840287e-05
16.473252499999997,0.0,0.0
16.483251499999998,0.0,0.0
16.4932505,0.0,0.0
16.5032495,1.0,2.3855530904840287e-05
16.513248499999996,0.0,0.0
16.523247499999997,1.0,2.3855530904840287e-05
16.533246499999997,0.0,0.0
16.543245499999998,0.0,0.0
16.553244499999998,0.0,0.0
16.5632435,0.0,0.0
16.5732425,0.0,0.0
16.583241499999996,0.0,0.0
16.593240499999997,0.0,0.0
16.603239499999997,0.0,0.0
16.613238499999998,0.0,0.0
16.6232375,0.0,0.0
16.6332365,1.0,2.3855530904840287e-05
16.643235499999996,0.0,0.0
16.653234499999996,0.0,0.0
16.663233499999997,0.0,0.0
16.673232499999997,0.0,0.0
16.683231499999998,0.0,0.0
16.6932305,1.0,2.3855530904840287e-05
16.7032295,2.0,4.7711061809680574e-05
16.713228499999996,0.0,0.0
16.723227499999997,0.0,0.0
16.733226499999997,0.0,0.0
16.743225499999998,0.0,0.0
16.753224499999998,0.0,0.0
16.7632235,0.0,0.0
16.773222499999996,0.0,0.0
16.783221499999996,0.0,0.0
16.793220499999997,0.0,0.0
16.803219499999997,0.0,0.0
16.813218499999998,0.0,0.0
16.8232175,1.0,2.3855530904840287e-05
16.8332165,0.0,0.0
16.843215499999996,0.0,0.0
16.853214499999996,1.0,2.3855530904840287e-05
16.863213499999997,0.0,0.0
16.873212499999998,0.0,0.0
16.883211499999998,1.0,2.3855530904840287e-05
16.8932105,1.0,2.3855530904840287e-05
16.9032095,0.0,0.0
16.913208499999996,1.0,2.3855530904840287e-05
16.923207499999997,1.0,2.3855530904840287e-05
16.933206499999997,0.0,0.0
16.943205499999998,0.0,0.0
16.9532045,2.0,4.7711061809680574e-05
16.9632035,0.0,0.0
16.973202499999996,0.0,0.0
16.983201499999996,0.0,0.0
16.993200499999997,0.0,0.0
17.003199499999997,0.0,0.0
17.013198499999998,0.0,0.0
17.0231975,1.0,2.3855530904840287e-05
17.0331965,1.0,2.3855530904840287e-05
17.043195499999996,0.0,0.0
17.053194499999996,0.0,0.0
17.063193499999997,0.0,0.0
17.073192499999998,0.0,0.0
17.083191499999998,0.0,0.0
17.0931905,0.0,0.0
17.1031895,0.0,0.0
17.113188499999996,0.0,0.0
17.123187499999997,0.0,0.0
17.133186499999997,0.0,0.0
17.143185499999998,0.0,0.0
17.1531845,1.0,2.3855530904840287e-05
17.1631835,0.0,0.0
17.173182499999996,0.0,0.0
17.183181499999996,1.0,2.3855530904840287e-05
17.193180499999997,0.0,0.0
17.203179499999997,0.0,0.0
17.213178499999998,0.0,0.0
17.2231775,0.0,0.0
17.2331765,0.0,0.0
17.243175499999996,0.0,0.0
17.253174499999997,0.0,0.0
17.263173499999997,0.0,0.0
17.273172499999998,0.0,0.0
17.283171499999998,0.0,0.0
17.2931705,1.0,2.3855530904840287e-05
17.303169499999996,0.0,0.0
17.313168499999996,1.0,2.3855530904840287e-05
17.323167499999997,0.0,0.0
17.333166499999997,0.0,0.0
17.343165499999998,0.0,0.0
17.3531645,0.0,0.0
17.3631635,0.0,0.0
17.373162499999996,0.0,0.0
17.383161499999996,0.0,0.0
17.393160499999997,0.0,0.0
17.403159499999997,0.0,0.0
17.413158499999998,0.0,0.0
17.4231575,0.0,0.0
17.4331565,0.0,0.0
17.443155499999996,0.0,0.0
17.453154499999997,0.0,0.0
17.463153499999997,0.0,0.0
17.473152499999998,0.0,0.0
17.483151499999998,0.0,0.0
17.4931505,0.0,0.0
17.503149499999996,0.0,0.0
17.513148499999996,0.0,0.0
17.523147499999997,0.0,0.0
17.533146499999997,0.0,0.0
17.543145499999998,1.0,2.3855530904840287e-05
17.5531445,0.0,0.0
17.5631435,0.0,0.0
17.573142499999996,0.0,0.0
17.583141499999996,0.0,0.0
17.593140499999997,0.0,0.0
17.603139499999997,0.0,0.0
17.613138499999998,0.0,0.0
17.6231375,1.0,2.3855530904840287e-05
17.6331365,0.0,0.0
17.643135499999996,0.0,0.0
17.653134499999997,0.0,0.0
17.663133499999997,0.0,0.0
17.673132499999998,0.0,0.0
17.6831315,0.0,0.0
17.6931305,0.0,0.0
17.703129499999996,0.0,0.0
17.713128499999996,0.0,0.0
17.723127499999997,0.0,0.0
17.733126499999997,0.0,0.0
17.743125499999998,0.0,0.0
17.7531245,0.0,0.0
17.7631235,0.0,0.0
17.773122499999996,0.0,0.0
17.783121499999996,0.0,0.0
17.793120499999997,0.0,0.0
17.803119499999998,0.0,0.0
17.813118499999998,0.0,0.0
17.8231175,0.0,0.0
17.833116499999996,0.0,0.0
17.843115499999996,1.0,2.3855530904840287e-05
17.853114499999997,0.0,0.0
17.863113499999997,0.0,0.0
17.873112499999998,0.0,0.0
17.8831115,0.0,0.0
17.8931105,0.0,0.0
17.903109499999996,0.0,0.0
17.913108499999996,0.0,0.0
17.923107499999997,0.0,0.0
17.933106499999997,0.0,0.0
17.943105499999998,0.0,0.0
17.9531045,0.0,0.0
17.9631035,0.0,0.0
17.973102499999996,1.0,2.3855530904840287e-05
17.983101499999997,0.0,0.0
17.993100499999997,1.0,2.3855530904840287e-05
18.003099499999998,0.0,0.0
18.013098499999998,0.0,0.0
18.0230975,0.0,0.0
18.033096499999996,0.0,0.0
18.043095499999996,0.0,0.0
18.053094499999997,0.0,0.0
18.063093499999997,0.0,0.0
18.073092499999998,0.0,0.0
18.0830915,0.0,0.0
18.0930905,0.0,0.0
18.103089499999996,0.0,0.0
18.113088499999996,0.0,0.0
18.123087499999997,0.0,0.0
18.133086499999997,0.0,0.0
18.143085499999998,0.0,0.0
18.1530845,0.0,0.0
18.1630835,0.0,0.0
18.173082499999996,1.0,2.3855530904840287e-05
18.183081499999997,0.0,0.0
18.193080499999997,0.0,0.0
18.203079499999998,1.0,2.3855530904840287e-05
18.213078499999998,0.0,0.0
18.2230775,0.0,0.0
18.233076499999996,0.0,0.0
18.243075499999996,0.0,0.0
18.253074499999997,0.0,0.0
18.263073499999997,0.0,0.0
18.273072499999998,0.0,0.0
18.2830715,0.0,0.0
18.2930705,1.0,2.3855530904840287e-05
18.303069499999996,0.0,0.0
18.313068499999996,0.0,0.0
18.323067499999997,0.0,0.0
18.333066499999997,0.0,0.0
18.343065499999998,0.0,0.0
18.3530645,0.0,0.0
18.3630635,0.0,0.0
18.373062499999996,0.0,0.0
18.383061499999997,0.0,0.0
18.393060499999997,0.0,0.0
18.403059499999998,0.0,0.0
18.413058499999998,0.0,0.0
18.4230575,0.0,0.0
18.433056499999996,0.0,0.0
18.443055499999996,0.0,0.0
18.453054499999997,0.0,0.0
18.463053499999997,0.0,0.0
18.473052499999998,0.0,0.0
18.4830515,0.0,0.0
18.4930505,0.0,0.0
18.503049499999996,0.0,0.0
18.513048499999996,0.0,0.0
18.523047499999997,0.0,0.0
18.533046499999998,0.0,0.0
18.543045499999998,0.0,0.0
18.5530445,0.0,0.0
18.563043499999996,0.0,0.0
18.573042499999996,1.0,2.3855530904840287e-05
18.583041499999997,0.0,0.0
18.593040499999997,0.0,0.0
18.603039499999998,0.0,0.0
18.6130385,0.0,0.0
18.6230375,1.0,2.3855530904840287e-05
18.633036499999996,0.0,0.0
18.643035499999996,0.0,0.0
18.653034499999997,0.0,0.0
18.663033499999997,0.0,0.0
18.673032499999998,0.0,0.0
18.6830315,0.0,0.0
18.6930305,0.0,0.0
18.703029499999996,0.0,0.0
18.713028499999997,0.0,0.0
18.723027499999997,0.0,0.0
18.733026499999998,0.0,0.0
18.743025499999998,0.0,0.0
18.7530245,0.0,0.0
18.763023499999996,0.0,0.0
18.773022499999996,0.0,0.0
18.783021499999997,1.0,2.3855530904840287e-05
18.793020499999997,0.0,0.0
18.803019499999998,0.0,0.0
18.8130185,0.0,0.0
18.8230175,0.0,0.0
18.833016499999996,0.0,0.0
18.843015499999996,0.0,0.0
18.853014499999997,0.0,0.0
18.863013499999997,0.0,0.0
18.873012499999998,0.0,0.0
18.8830115,0.0,0.0
18.8930105,0.0,0.0
18.903009499999996,0.0,0.0
18.913008499999997,0.0,0.0
18.923007499999997,0.0,0.0
18.933006499999998,0.0,0.0
18.943005499999998,0.0,0.0
18.9530045,0.0,0.0
18.963003499999996,0.0,0.0
18.973002499999996,0.0,0.0
18.983001499999997,1.0,2.3855530904840287e-05
18.993000499999997,0.0,0.0
19.002999499999998,0.0,0.0
19.0129985,0.0,0.0
19.0229975,0.0,0.0
19.032996499999996,0.0,0.0
19.042995499999996,0.0,0.0
19.052994499999997,0.0,0.0
19.062993499999997,0.0,0.0
19.072992499999998,0.0,0.0
19.0829915,0.0,0.0
19.092990499999996,0.0,0.0
19.102989499999996,0.0,0.0
19.112988499999997,0.0,0.0
19.122987499999997,0.0,0.0
19.132986499999998,0.0,0.0
19.142985499999998,0.0,0.0
19.1529845,0.0,0.0
19.162983499999996,0.0,0.0
19.172982499999996,0.0,0.0
19.182981499999997,1.0,2.3855530904840287e-05
19.192980499999997,0.0,0.0
19.202979499999998,0.0,0.0
19.2129785,0.0,0.0
19.2229775,0.0,0.0
19.232976499999996,0.0,0.0
19.242975499999996,0.0,0.0
19.252974499999997,0.0,0.0
19.262973499999998,0.0,0.0
19.272972499999998,0.0,0.0
19.2829715,0.0,0.0
19.292970499999996,0.0,0.0
19.302969499999996,0.0,0.0
19.312968499999997,0.0,0.0
19.322967499999997,0.0,0.0
19.332966499999998,0.0,0.0
19.3429655,0.0,0.0
19.3529645,0.0,0.0
19.362963499999996,0.0,0.0
19.372962499999996,1.0,2.3855530904840287e-05
19.382961499999997,0.0,0.0
19.392960499999997,0.0,0.0
19.402959499999998,0.0,0.0
19.4129585,0.0,0.0
19.4229575,0.0,0.0
19.432956499999996,0.0,0.0
19.442955499999997,0.0,0.0
19.452954499999997,0.0,0.0
19.462953499999998,0.0,0.0
19.472952499999998,0.0,0.0
19.4829515,0.0,0.0
19.492950499999996,0.0,0.0
19.502949499999996,0.0,0.0
19.512948499999997,0.0,0.0
19.522947499999997,1.0,2.3855530904840287e-05
19.532946499999998,0.0,0.0
19.5429455,0.0,0.0
19.5529445,0.0,0.0
19.562943499999996,0.0,0.0
19.572942499999996,0.0,0.0
19.582941499999997,0.0,0.0
19.592940499999997,0.0,0.0
19.602939499999998,0.0,0.0
19.6129385,0.0,0.0
19.622937499999995,0.0,0.0
19.632936499999996,0.0,0.0
19.642935499999997,0.0,0.0
19.652934499999997,0.0,0.0
19.662933499999998,0.0,0.0
19.672932499999998,0.0,0.0
19.6829315,0.0,0.0
19.692930499999996,0.0,0.0
19.702929499999996,0.0,0.0
19.712928499999997,1.0,2.3855530904840287e-05
19.722927499999997,0.0,0.0
19.732926499999998,0.0,0.0
19.7429255,0.0,0.0
19.7529245,1.0,2.3855530904840287e-05
19.762923499999996,0.0,0.0
19.772922499999996,0.0,0.0
19.782921499999997,0.0,0.0
19.792920499999997,0.0,0.0
19.802919499999998,0.0,0.0
19.8129185,0.0,0.0
19.822917499999996,1.0,2.3855530904840287e-05
19.832916499999996,0.0,0.0
19.842915499999997,0.0,0.0
19.852914499999997,0.0,0.0
19.862913499999998,0.0,0.0
19.872912499999998,0.0,0.0
19.8829115,0.0,0.0
19.892910499999996,0.0,0.0
19.902909499999996,0.0,0.0
19.912908499999997,0.0,0.0
19.922907499999997,0.0,0.0
19.932906499999998,0.0,0.0
19.9429055,0.0,0.0
19.9529045,0.0,0.0
19.962903499999996,0.0,0.0
19.972902499999996,0.0,0.0
19.982901499999997,0.0,0.0
19.992900499999998,0.0,0.0
20.002899499999998,0.0,0.0
20.0128985,0.0,0.0
20.022897499999996,0.0,0.0
20.032896499999996,0.0,0.0
20.042895499999997,0.0,0.0
20.052894499999997,0.0,0.0
20.062893499999998,0.0,0.0
20.0728925,0.0,0.0
20.0828915,0.0,0.0
20.092890499999996,0.0,0.0
20.102889499999996,0.0,0.0
20.112888499999997,0.0,0.0
20.122887499999997,0.0,0.0
20.132886499999998,0.0,0.0
20.1428855,0.0,0.0
20.152884499999995,0.0,0.0
20.162883499999996,0.0,0.0
20.172882499999996,0.0,0.0
20.182881499999997,0.0,0.0
20.192880499999998,0.0,0.0
20.202879499999998,0.0,0.0
20.2128785,0.0,0.0
20.222877499999996,0.0,0.0
20.232876499999996,0.0,0.0
20.242875499999997,0.0,0.0
20.252874499999997,0.0,0.0
20.262873499999998,0.0,0.0
20.2728725,1.0,2.3855530904840287e-05
20.2828715,0.0,0.0
20.292870499999996,0.0,0.0
20.302869499999996,0.0,0.0
20.312868499999997,0.0,0.0
20.322867499999997,0.0,0.0
20.332866499999998,0.0,0.0
20.3428655,0.0,0.0
20.352864499999995,0.0,0.0
20.362863499999996,0.0,0.0
20.372862499999997,0.0,0.0
20.382861499999997,0.0,0.0
20.392860499999998,0.0,0.0
20.402859499999998,0.0,0.0
20.4128585,0.0,0.0
20.422857499999996,0.0,0.0
20.432856499999996,0.0,0.0
20.442855499999997,0.0,0.0
20.452854499999997,0.0,0.0
20.462853499999998,0.0,0.0
20.4728525,0.0,0.0
20.4828515,0.0,0.0
20.492850499999996,0.0,0.0
20.502849499999996,0.0,0.0
20.512848499999997,0.0,0.0
20.522847499999997,0.0,0.0
20.532846499999998,0.0,0.0
20.5428455,0.0,0.0
20.552844499999996,0.0,0.0
20.562843499999996,0.0,0.0
20.572842499999997,0.0,0.0
20.582841499999997,0.0,0.0
20.592840499999998,0.0,0.0
20.602839499999998,0.0,0.0
20.6128385,0.0,0.0
20.622837499999996,0.0,0.0
20.632836499999996,0.0,0.0
20.642835499999997,0.0,0.0
20.652834499999997,0.0,0.0
20.662833499999998,0.0,0.0
20.6728325,0.0,0.0
20.682831499999995,0.0,0.0
20.692830499999996,0.0,0.0
20.702829499999996,0.0,0.0
20.712828499999997,0.0,0.0
20.722827499999998,0.0,0.0
20.732826499999998,0.0,0.0
20.7428255,0.0,0.0
20.752824499999996,0.0,0.0
20.762823499999996,0.0,0.0
20.772822499999997,0.0,0.0
20.782821499999997,0.0,0.0
20.792820499999998,1.0,2.3855530904840287e-05
20.8028195,0.0,0.0
20.8128185,0.0,0.0
20.822817499999996,0.0,0.0
20.832816499999996,0.0,0.0
20.842815499999997,0.0,0.0
20.852814499999997,0.0,0.0
20.862813499999998,0.0,0.0
20.8728125,0.0,0.0
20.882811499999995,0.0,0.0
20.892810499999996,0.0,0.0
20.902809499999996,0.0,0.0
20.912808499999997,0.0,0.0
20.922807499999998,0.0,0.0
20.932806499999998,0.0,0.0
20.9428055,0.0,0.0
20.952804499999996,0.0,0.0
20.962803499999996,0.0,0.0
20.972802499999997,0.0,0.0
20.982801499999997,0.0,0.0
20.992800499999998,0.0,0.0
21.0027995,0.0,0.0
21.0127985,0.0,0.0
21.022797499999996,0.0,0.0
21.032796499999996,0.0,0.0
21.042795499999997,0.0,0.0
21.052794499999997,0.0,0.0
21.062793499999998,0.0,0.0
21.0727925,0.0,0.0
21.082791499999995,0.0,0.0
21.092790499999996,0.0,0.0
21.102789499999997,0.0,0.0
21.112788499999997,0.0,0.0
21.122787499999998,0.0,0.0
21.132786499999998,0.0,0.0
21.1427855,0.0,0.0
21.152784499999996,0.0,0.0
21.162783499999996,0.0,0.0
21.172782499999997,0.0,0.0
21.182781499999997,0.0,0.0
21.192780499999998,0.0,0.0
21.2027795,0.0,0.0
21.2127785,1.0,2.3855530904840287e-05
21.222777499999996,0.0,0.0
21.232776499999996,0.0,0.0
21.242775499999997,0.0,0.0
21.252774499999997,0.0,0.0
21.262773499999998,0.0,0.0
21.2727725,0.0,0.0
21.282771499999996,0.0,0.0
21.292770499999996,0.0,0.0
21.302769499999997,0.0,0.0
21.312768499999997,0.0,0.0
21.322767499999998,0.0,0.0
21.332766499999998,0.0,0.0
21.3427655,0.0,0.0
21.352764499999996,0.0,0.0
21.362763499999996,0.0,0.0
21.372762499999997,0.0,0.0
21.382761499999997,0.0,0.0
21.392760499999998,0.0,0.0
21.4027595,0.0,0.0
21.412758499999995,0.0,0.0
21.422757499999996,0.0,0.0
21.432756499999996,0.0,0.0
21.442755499999997,0.0,0.0
21.452754499999998,0.0,0.0
21.462753499999998,0.0,0.0
21.4727525,0.0,0.0
21.482751499999996,0.0,0.0
21.492750499999996,0.0,0.0
21.502749499999997,0.0,0.0
21.512748499999997,0.0,0.0
21.522747499999998,0.0,0.0
21.5327465,0.0,0.0
21.5427455,0.0,0.0
21.552744499999996,0.0,0.0
21.562743499999996,0.0,0.0
21.572742499999997,0.0,0.0
21.582741499999997,0.0,0.0
21.592740499999998,0.0,0.0
21.6027395,0.0,0.0
21.612738499999995,0.0,0.0
21.622737499999996,0.0,0.0
21.632736499999996,0.0,0.0
21.642735499999997,0.0,0.0
21.652734499999998,0.0,0.0
21.662733499999998,0.0,0.0
21.6727325,0.0,0.0
21.682731499999996,0.0,0.0
21.692730499999996,0.0,0.0
21.702729499999997,0.0,0.0
21.712728499999997,0.0,0.0
21.722727499999998,0.0,0.0
21.7327265,0.0,0.0
21.7427255,0.0,0.0
21.752724499999996,0.0,0.0
21.762723499999996,0.0,0.0
21.772722499999997,0.0,0.0
21.782721499999997,0.0,0.0
21.792720499999998,0.0,0.0
21.8027195,0.0,0.0
21.812718499999995,0.0,0.0
21.822717499999996,0.0,0.0
21.832716499999997,0.0,0.0
21.842715499999997,0.0,0.0
21.852714499999998,0.0,0.0
21.862713499999998,0.0,0.0
21.8727125,1.0,2.3855530904840287e-05
21.882711499999996,0.0,0.0
21.892710499999996,0.0,0.0
21.902709499999997,0.0,0.0
21.912708499999997,0.0,0.0
21.922707499999998,0.0,0.0
21.9327065,0.0,0.0
21.942705499999995,0.0,0.0
21.952704499999996,0.0,0.0
21.962703499999996,0.0,0.0
21.972702499999997,0.0,0.0
21.982701499999997,0.0,0.0
21.992700499999998,0.0,0.0
22.0026995,0.0,0.0
22.012698499999996,0.0,0.0
22.022697499999996,0.0,0.0
22.032696499999997,0.0,0.0
22.042695499999997,0.0,0.0
22.052694499999998,0.0,0.0
22.062693499999998,0.0,0.0
22.0726925,0.0,0.0
22.082691499999996,0.0,0.0
22.092690499999996,0.0,0.0
22.102689499999997,0.0,0.0
22.112688499999997,0.0,0.0
22.122687499999998,0.0,0.0
22.1326865,0.0,0.0
22.142685499999995,0.0,0.0
22.152684499999996,0.0,0.0
22.162683499999996,0.0,0.0
22.172682499999997,0.0,0.0
22.182681499999997,0.0,0.0
22.192680499999998,0.0,0.0
22.2026795,0.0,0.0
22.212678499999996,0.0,0.0
22.222677499999996,0.0,0.0
22.232676499999997,0.0,0.0
22.242675499999997,0.0,0.0
22.252674499999998,0.0,0.0
22.2626735,0.0,0.0
22.2726725,0.0,0.0
22.282671499999996,0.0,0.0
22.292670499999996,0.0,0.0
22.302669499999997,0.0,0.0
22.312668499999997,0.0,0.0
22.322667499999998,0.0,0.0
22.3326665,0.0,0.0
22.342665499999995,0.0,0.0
22.352664499999996,0.0,0.0
22.362663499999996,0.0,0.0
22.372662499999997,0.0,0.0
22.382661499999998,0.0,0.0
22.392660499999998,0.0,0.0
22.4026595,0.0,0.0
22.412658499999996,0.0,0.0
22.422657499999996,0.0,0.0
22.432656499999997,0.0,0.0
22.442655499999997,0.0,0.0
22.452654499999998,0.0,0.0
22.4626535,0.0,0.0
22.472652499999995,0.0,0.0
22.482651499999996,0.0,0.0
22.492650499999996,0.0,0.0
22.502649499999997,0.0,0.0
22.512648499999997,0.0,0.0
22.522647499999998,0.0,0.0
22.5326465,0.0,0.0
22.542645499999995,0.0,0.0
22.552644499999996,0.0,0.0
22.562643499999997,0.0,0.0
22.572642499999997,0.0,0.0
22.582641499999998,0.0,0.0
22.592640499999998,0.0,0.0
22.6026395,0.0,0.0
22.612638499999996,0.0,0.0
22.622637499999996,0.0,0.0
22.632636499999997,0.0,0.0
22.642635499999997,0.0,0.0
22.652634499999998,0.0,0.0
22.6626335,0.0,0.0
22.672632499999995,0.0,0.0
22.682631499999996,0.0,0.0
22.692630499999996,0.0,0.0
22.702629499999997,0.0,0.0
22.712628499999997,0.0,0.0
22.722627499999998,0.0,0.0
22.7326265,0.0,0.0
22.742625499999995,0.0,0.0
22.752624499999996,0.0,0.0
22.762623499999997,0.0,0.0
22.772622499999997,0.0,0.0
22.782621499999998,0.0,0.0
22.792620499999998,0.0,0.0
22.8026195,0.0,0.0
22.812618499999996,0.0,0.0
22.822617499999996,0.0,0.0
22.832616499999997,0.0,0.0
22.842615499999997,0.0,0.0
22.852614499999998,0.0,0.0
22.8626135,0.0,0.0
22.872612499999995,0.0,0.0
22.882611499999996,0.0,0.0
22.892610499999996,0.0,0.0
22.902609499999997,0.0,0.0
22.912608499999997,0.0,0.0
22.922607499999998,0.0,0.0
22.9326065,0.0,0.0
22.942605499999996,0.0,0.0
22.952604499999996,0.0,0.0
22.962603499999997,0.0,0.0
22.972602499999997,0.0,0.0
22.982601499999998,0.0,0.0
22.992600499999998,0.0,0.0
23.002599499999995,0.0,0.0
23.012598499999996,0.0,0.0
23.022597499999996,0.0,0.0
23.032596499999997,0.0,0.0
23.042595499999997,0.0,0.0
23.052594499999998,0.0,0.0
23.0625935,0.0,0.0
23.072592499999995,0.0,0.0
23.082591499999996,0.0,0.0
23.092590499999996,0.0,0.0
23.102589499999997,0.0,0.0
23.112588499999998,0.0,0.0
23.122587499999998,0.0,0.0
23.1325865,0.0,0.0
23.142585499999996,0.0,0.0
23.152584499999996,0.0,0.0
23.162583499999997,0.0,0.0
23.172582499999997,0.0,0.0
23.182581499999998,0.0,0.0
23.1925805,0.0,0.0
23.202579499999995,0.0,0.0
23.212578499999996,0.0,0.0
23.222577499999996,0.0,0.0
23.232576499999997,0.0,0.0
23.242575499999997,0.0,0.0
23.252574499999998,0.0,0.0
23.2625735,0.0,0.0
23.272572499999995,0.0,0.0
23.282571499999996,0.0,0.0
23.292570499999997,0.0,0.0
23.302569499999997,0.0,0.0
23.312568499999998,0.0,0.0
23.322567499999998,0.0,0.0
23.3325665,0.0,0.0
23.342565499999996,0.0,0.0
23.352564499999996,0.0,0.0
23.362563499999997,0.0,0.0
23.372562499999997,0.0,0.0
23.382561499999998,0.0,0.0
23.3925605,0.0,0.0
23.402559499999995,0.0,0.0
23.412558499999996,0.0,0.0
23.422557499999996,0.0,0.0
23.432556499999997,0.0,0.0
23.442555499999997,0.0,0.0
23.452554499999998,0.0,0.0
23.4625535,0.0,0.0
23.472552499999995,0.0,0.0
23.482551499999996,0.0,0.0
23.492550499999997,0.0,0.0
23.502549499999997,0.0,0.0
23.512548499999998,0.0,0.0
23.522547499999998,0.0,0.0
23.532546499999995,0.0,0.0
23.542545499999996,0.0,0.0
23.552544499999996,0.0,0.0
23.562543499999997,0.0,0.0
23.572542499999997,0.0,0.0
23.582541499999998,0.0,0.0
23.5925405,0.0,0.0
23.602539499999995,0.0,0.0
23.612538499999996,0.0,0.0
23.622537499999996,0.0,0.0
23.632536499999997,0.0,0.0
23.642535499999997,0.0,0.0
23.652534499999998,0.0,0.0
23.6625335,0.0,0.0
23.672532499999996,0.0,0.0
23.682531499999996,0.0,0.0
23.692530499999997,0.0,0.0
23.702529499999997,0.0,0.0
23.712528499999998,0.0,0.0
23.722527499999998,0.0,0.0
23.732526499999995,0.0,0.0
23.742525499999996,0.0,0.0
23.752524499999996,0.0,0.0
23.762523499999997,0.0,0.0
23.772522499999997,0.0,0.0
23.782521499999998,0.0,0.0
23.7925205,0.0,0.0
23.802519499999995,0.0,0.0
23.812518499999996,0.0,0.0
23.822517499999996,0.0,0.0
23.832516499999997,0.0,0.0
23.842515499999998,0.0,0.0
23.852514499999998,0.0,0.0
23.8625135,0.0,0.0
23.872512499999996,0.0,0.0
23.882511499999996,0.0,0.0
23.892510499999997,0.0,0.0
23.902509499999997,0.0,0.0
23.912508499999998,0.0,0.0
23.9225075,0.0,0.0
23.932506499999995,0.0,0.0
23.942505499999996,0.0,0.0
23.952504499999996,0.0,0.0
23.962503499999997,0.0,0.0
23.972502499999997,0.0,0.0
23.982501499999998,0.0,0.0
23.9925005,0.0,0.0
24.002499499999995,0.0,0.0
24.012498499999996,0.0,0.0
24.022497499999997,0.0,0.0
24.032496499999997,0.0,0.0
